F,G,time
"[-91.79, -2.15, -0.62]","[-0.15, -5.66, 1.07]",0.0
"[-91.39, -2.07, -0.65]","[-0.15, -5.66, 1.06]",9.602
"[-91.02, -1.94, -0.73]","[-0.14, -5.65, 1.06]",17.893
"[-90.79, -1.82, -0.82]","[-0.15, -5.65, 1.06]",27.723000000000003
"[-90.85, -1.79, -0.81]","[-0.15, -5.64, 1.06]",37.107
"[-91.02, -1.88, -0.73]","[-0.16, -5.63, 1.06]",47.341
"[-91.9, -2.0, -0.49]","[-0.19, -5.6, 1.06]",71.735
"[-92.0, -2.01, -0.48]","[-0.2, -5.6, 1.06]",73.737
"[-92.15, -2.04, -0.44]","[-0.21, -5.61, 1.06]",77.735
"[-92.38, -2.08, -0.38]","[-0.21, -5.6, 1.06]",87.738
"[-92.26, -2.16, -0.5]","[-0.19, -5.62, 1.06]",109.72999999999999
"[-92.23, -2.13, -0.5]","[-0.19, -5.63, 1.06]",111.735
"[-92.04, -2.16, -0.56]","[-0.18, -5.63, 1.06]",117.73400000000001
"[-91.38, -2.05, -0.73]","[-0.16, -5.64, 1.06]",137.764
"[-91.32, -2.04, -0.75]","[-0.15, -5.64, 1.06]",139.73
"[-91.08, -1.93, -0.8]","[-0.15, -5.64, 1.05]",147.888
"[-91.01, -1.94, -0.85]","[-0.15, -5.65, 1.06]",156.76399999999998
"[-91.04, -1.91, -0.76]","[-0.16, -5.64, 1.06]",166.72899999999998
"[-91.24, -1.92, -0.66]","[-0.17, -5.63, 1.06]",178.05599999999998
"[-91.51, -1.94, -0.59]","[-0.18, -5.61, 1.06]",188.14600000000002
"[-91.84, -1.93, -0.52]","[-0.2, -5.6, 1.06]",198.733
"[-92.06, -1.97, -0.46]","[-0.21, -5.6, 1.06]",208.73600000000002
"[-92.19, -2.02, -0.45]","[-0.21, -5.6, 1.06]",216.727
"[-92.17, -2.04, -0.48]","[-0.21, -5.61, 1.06]",226.767
"[-91.91, -2.05, -0.56]","[-0.19, -5.62, 1.06]",240.156
"[-91.78, -2.03, -0.59]","[-0.18, -5.63, 1.06]",248.13
"[-91.51, -2.03, -0.68]","[-0.17, -5.64, 1.06]",257.916
"[-91.28, -2.0, -0.75]","[-0.15, -5.64, 1.06]",267.765
"[-91.17, -1.96, -0.77]","[-0.15, -5.65, 1.06]",277.874
"[-91.15, -1.95, -0.77]","[-0.15, -5.65, 1.06]",287.096
"[-91.25, -1.98, -0.72]","[-0.16, -5.64, 1.06]",297.792
"[-91.46, -1.99, -0.65]","[-0.17, -5.63, 1.06]",307.745
"[-91.73, -1.98, -0.58]","[-0.18, -5.61, 1.06]",317.747
"[-91.93, -2.01, -0.51]","[-0.2, -5.61, 1.06]",327.77099999999996
"[-92.06, -2.02, -0.43]","[-0.2, -5.6, 1.06]",337.767
"[-92.1, -2.03, -0.43]","[-0.19, -5.6, 1.06]",346.89799999999997
"[-92.08, -2.02, -0.51]","[-0.19, -5.61, 1.06]",365.89500000000004
"[-91.89, -1.96, -0.58]","[-0.18, -5.62, 1.06]",381.118
"[-91.68, -1.95, -0.63]","[-0.17, -5.63, 1.05]",381.118
"[-91.49, -2.0, -0.68]","[-0.15, -5.64, 1.05]",387.96799999999996
"[-91.38, -2.0, -0.7]","[-0.15, -5.64, 1.05]",397.903
"[-91.29, -2.0, -0.7]","[-0.15, -5.65, 1.05]",407.21200000000005
"[-91.35, -2.03, -0.68]","[-0.15, -5.64, 1.05]",417.95300000000003
"[-91.46, -2.0, -0.64]","[-0.16, -5.64, 1.05]",427.954
"[-91.68, -2.03, -0.61]","[-0.17, -5.63, 1.05]",437.955
"[-91.84, -2.03, -0.56]","[-0.18, -5.62, 1.05]",448.007
"[-91.93, -2.01, -0.49]","[-0.18, -5.62, 1.05]",457.34000000000003
"[-91.97, -2.02, -0.46]","[-0.18, -5.61, 1.06]",467.342
"[-91.94, -2.0, -0.49]","[-0.18, -5.62, 1.06]",478.18899999999996
"[-91.86, -1.95, -0.53]","[-0.17, -5.62, 1.05]",488.18699999999995
"[-91.69, -1.94, -0.6]","[-0.16, -5.63, 1.05]",497.85200000000003
"[-91.52, -1.93, -0.65]","[-0.15, -5.64, 1.05]",508.19000000000005
"[-91.36, -1.93, -0.68]","[-0.14, -5.65, 1.05]",520.861
"[-91.34, -1.97, -0.7]","[-0.14, -5.65, 1.05]",527.575
"[-91.33, -1.95, -0.68]","[-0.14, -5.65, 1.05]",537.983
"[-91.45, -1.98, -0.64]","[-0.15, -5.65, 1.05]",547.705
"[-91.58, -2.04, -0.6]","[-0.16, -5.64, 1.05]",557.614
"[-91.71, -2.01, -0.55]","[-0.17, -5.63, 1.05]",567.661
"[-91.79, -2.0, -0.53]","[-0.18, -5.63, 1.06]",577.606
"[-91.86, -2.01, -0.52]","[-0.18, -5.63, 1.06]",587.6550000000001
"[-91.85, -1.99, -0.5]","[-0.17, -5.62, 1.06]",597.573
"[-91.81, -1.94, -0.53]","[-0.17, -5.63, 1.06]",607.65
"[-91.71, -1.95, -0.56]","[-0.16, -5.63, 1.06]",617.663
"[-91.58, -1.94, -0.59]","[-0.15, -5.64, 1.06]",627.548
"[-91.51, -1.93, -0.62]","[-0.14, -5.64, 1.05]",637.538
"[-91.46, -1.93, -0.66]","[-0.14, -5.65, 1.05]",648.0500000000001
"[-91.47, -1.94, -0.65]","[-0.14, -5.65, 1.05]",657.533
"[-91.54, -1.98, -0.62]","[-0.14, -5.64, 1.05]",667.721
"[-91.59, -2.02, -0.57]","[-0.16, -5.64, 1.05]",677.884
"[-91.74, -2.04, -0.53]","[-0.16, -5.63, 1.06]",687.702
"[-91.77, -2.07, -0.53]","[-0.16, -5.63, 1.06]",697.704
"[-91.82, -2.03, -0.49]","[-0.17, -5.63, 1.05]",707.643
"[-91.84, -2.02, -0.5]","[-0.16, -5.63, 1.05]",718.0790000000001
"[-91.79, -2.0, -0.5]","[-0.16, -5.63, 1.05]",727.57
"[-91.72, -1.98, -0.52]","[-0.15, -5.63, 1.05]",737.702
"[-91.66, -1.98, -0.55]","[-0.15, -5.64, 1.05]",747.703
"[-91.58, -1.93, -0.55]","[-0.14, -5.64, 1.05]",757.697
"[-91.54, -1.98, -0.6]","[-0.14, -5.65, 1.05]",768.057
"[-91.54, -1.97, -0.61]","[-0.14, -5.65, 1.05]",777.568
"[-91.58, -1.97, -0.6]","[-0.14, -5.65, 1.05]",788.057
"[-91.64, -2.0, -0.56]","[-0.15, -5.65, 1.05]",800.533
"[-91.67, -2.01, -0.54]","[-0.15, -5.64, 1.05]",807.817
"[-91.72, -2.02, -0.51]","[-0.15, -5.64, 1.05]",817.53
"[-91.78, -2.05, -0.5]","[-0.15, -5.64, 1.05]",827.788
"[-91.75, -2.04, -0.5]","[-0.15, -5.64, 1.05]",837.536
"[-91.69, -2.02, -0.51]","[-0.15, -5.64, 1.05]",847.6700000000001
"[-91.66, -1.98, -0.52]","[-0.15, -5.65, 1.05]",858.037
"[-91.62, -1.96, -0.54]","[-0.14, -5.65, 1.05]",867.533
"[-91.59, -1.98, -0.56]","[-0.14, -5.65, 1.05]",877.54
"[-91.56, -1.96, -0.57]","[-0.13, -5.65, 1.05]",887.695
"[-91.56, -1.94, -0.56]","[-0.14, -5.65, 1.05]",899.5269999999999
"[-91.58, -2.01, -0.56]","[-0.14, -5.65, 1.05]",908.068
"[-91.62, -1.98, -0.52]","[-0.14, -5.64, 1.05]",917.671
"[-91.68, -2.0, -0.52]","[-0.15, -5.65, 1.05]",927.635
"[-91.67, -2.02, -0.51]","[-0.15, -5.64, 1.05]",937.6419999999999
"[-91.7, -2.04, -0.5]","[-0.15, -5.64, 1.05]",947.634
"[-91.73, -2.03, -0.5]","[-0.15, -5.65, 1.05]",958.17
"[-91.67, -2.02, -0.5]","[-0.14, -5.64, 1.05]",967.78
"[-91.65, -2.01, -0.51]","[-0.14, -5.65, 1.05]",977.639
"[-91.58, -2.01, -0.52]","[-0.14, -5.65, 1.05]",988.399
"[-91.63, -1.99, -0.53]","[-0.14, -5.65, 1.05]",997.936
"[-91.62, -2.0, -0.54]","[-0.14, -5.65, 1.05]",1007.641
"[-91.64, -1.98, -0.53]","[-0.14, -5.65, 1.05]",1017.8799999999999
"[-91.64, -1.99, -0.51]","[-0.14, -5.65, 1.05]",1027.774
"[-91.68, -2.0, -0.49]","[-0.14, -5.65, 1.05]",1037.8719999999998
"[-91.69, -1.98, -0.47]","[-0.15, -5.65, 1.05]",1047.877
"[-91.7, -2.02, -0.48]","[-0.15, -5.65, 1.05]",1057.8719999999998
"[-91.74, -2.04, -0.47]","[-0.14, -5.65, 1.05]",1067.839
"[-91.69, -2.03, -0.48]","[-0.14, -5.65, 1.05]",1081.049
"[-91.67, -2.02, -0.49]","[-0.14, -5.65, 1.05]",1087.8719999999998
"[-91.67, -2.0, -0.51]","[-0.14, -5.65, 1.05]",1097.865
"[-91.65, -1.99, -0.51]","[-0.14, -5.65, 1.05]",1107.869
"[-91.62, -2.01, -0.52]","[-0.13, -5.65, 1.05]",1117.944
"[-91.63, -2.01, -0.51]","[-0.14, -5.65, 1.05]",1126.853
"[-91.64, -2.0, -0.51]","[-0.14, -5.65, 1.05]",1137.833
"[-91.67, -1.99, -0.49]","[-0.14, -5.65, 1.05]",1147.921
"[-91.63, -2.0, -0.49]","[-0.14, -5.65, 1.05]",1157.9470000000001
"[-91.68, -2.02, -0.49]","[-0.14, -5.65, 1.05]",1169.818
"[-91.67, -2.0, -0.47]","[-0.14, -5.65, 1.05]",1178.006
"[-91.68, -1.99, -0.48]","[-0.14, -5.65, 1.05]",1189.9550000000002
"[-91.64, -2.01, -0.49]","[-0.14, -5.65, 1.05]",1205.044
"[-91.65, -2.01, -0.5]","[-0.14, -5.65, 1.05]",1209.665
"[-91.61, -1.97, -0.48]","[-0.13, -5.65, 1.05]",1217.724
"[-91.6, -1.99, -0.49]","[-0.13, -5.65, 1.05]",1227.8519999999999
"[-91.63, -1.97, -0.5]","[-0.13, -5.65, 1.05]",1237.718
"[-91.64, -2.01, -0.51]","[-0.13, -5.65, 1.05]",1247.713
"[-91.68, -1.99, -0.5]","[-0.14, -5.65, 1.05]",1257.714
"[-91.68, -1.99, -0.49]","[-0.14, -5.64, 1.05]",1267.906
"[-91.69, -2.03, -0.49]","[-0.14, -5.65, 1.05]",1277.6799999999998
"[-91.69, -2.03, -0.48]","[-0.14, -5.64, 1.05]",1287.6799999999998
"[-91.71, -2.0, -0.48]","[-0.14, -5.64, 1.05]",1297.713
"[-91.67, -1.98, -0.48]","[-0.14, -5.64, 1.05]",1307.713
"[-91.63, -1.98, -0.47]","[-0.13, -5.64, 1.05]",1318.0179999999998
"[-91.65, -2.03, -0.51]","[-0.13, -5.64, 1.05]",1328.047
"[-91.66, -1.98, -0.5]","[-0.13, -5.64, 1.05]",1337.206
"[-91.66, -2.0, -0.49]","[-0.13, -5.64, 1.05]",1347.021
"[-91.62, -1.97, -0.49]","[-0.13, -5.64, 1.05]",1370.021
"[-91.69, -2.01, -0.5]","[-0.13, -5.64, 1.05]",1370.021
"[-91.65, -1.99, -0.5]","[-0.14, -5.64, 1.05]",1377.164
"[-91.68, -2.01, -0.51]","[-0.13, -5.64, 1.05]",1388.0520000000001
"[-91.69, -2.0, -0.49]","[-0.14, -5.64, 1.05]",1398.032
"[-91.69, -2.01, -0.49]","[-0.14, -5.65, 1.06]",1408.055
"[-91.69, -1.99, -0.48]","[-0.13, -5.64, 1.06]",1417.893
"[-91.69, -1.99, -0.49]","[-0.14, -5.64, 1.06]",1427.748
"[-91.67, -2.01, -0.52]","[-0.13, -5.65, 1.06]",1437.788
"[-91.63, -1.96, -0.5]","[-0.13, -5.64, 1.06]",1447.78
"[-91.66, -1.98, -0.52]","[-0.13, -5.64, 1.06]",1457.7839999999999
"[-91.66, -2.01, -0.53]","[-0.13, -5.64, 1.06]",1467.751
"[-91.69, -2.0, -0.52]","[-0.14, -5.64, 1.06]",1486.787
"[-91.66, -1.98, -0.5]","[-0.13, -5.64, 1.06]",1488.755
"[-91.67, -2.03, -0.52]","[-0.14, -5.64, 1.06]",1497.838
"[-91.68, -1.98, -0.5]","[-0.14, -5.64, 1.06]",1507.8400000000001
"[-91.69, -2.0, -0.5]","[-0.14, -5.64, 1.06]",1517.839
"[-91.65, -1.99, -0.48]","[-0.14, -5.64, 1.06]",1527.9579999999999
"[-91.64, -2.0, -0.49]","[-0.14, -5.64, 1.06]",1538.045
"[-91.67, -2.01, -0.52]","[-0.14, -5.64, 1.06]",1547.8799999999999
"[-91.65, -1.99, -0.51]","[-0.14, -5.64, 1.06]",1558.0069999999998
"[-91.65, -1.96, -0.51]","[-0.13, -5.63, 1.06]",1568.232
"[-91.64, -1.96, -0.52]","[-0.14, -5.64, 1.06]",1578.012
"[-91.64, -2.0, -0.51]","[-0.13, -5.63, 1.06]",1587.912
"[-91.66, -2.0, -0.5]","[-0.14, -5.63, 1.06]",1598.016
"[-91.67, -2.0, -0.52]","[-0.14, -5.64, 1.06]",1607.872
"[-91.68, -2.0, -0.52]","[-0.13, -5.63, 1.06]",1618.058
"[-91.7, -1.97, -0.5]","[-0.14, -5.64, 1.06]",1628.0220000000002
"[-91.7, -1.99, -0.51]","[-0.13, -5.63, 1.06]",1641.94
"[-91.67, -2.01, -0.53]","[-0.13, -5.63, 1.06]",1648.16
"[-91.67, -1.99, -0.51]","[-0.13, -5.63, 1.06]",1658.161
"[-91.67, -1.97, -0.51]","[-0.13, -5.63, 1.06]",1667.9470000000001
"[-91.67, -1.96, -0.51]","[-0.13, -5.64, 1.06]",1678.006
"[-91.68, -1.97, -0.51]","[-0.13, -5.63, 1.06]",1687.889
"[-91.66, -1.96, -0.51]","[-0.13, -5.63, 1.06]",1697.994
"[-91.69, -1.94, -0.5]","[-0.13, -5.63, 1.06]",1707.981
"[-91.7, -1.98, -0.52]","[-0.13, -5.63, 1.06]",1718.0040000000001
"[-91.69, -1.98, -0.51]","[-0.13, -5.63, 1.06]",1727.8629999999998
"[-91.7, -2.0, -0.51]","[-0.13, -5.63, 1.06]",1738.01
"[-91.68, -1.99, -0.51]","[-0.13, -5.63, 1.06]",1748.0130000000001
"[-91.71, -1.98, -0.51]","[-0.13, -5.63, 1.06]",1757.877
"[-91.7, -1.98, -0.51]","[-0.13, -5.63, 1.06]",1768.01
"[-91.67, -1.98, -0.53]","[-0.13, -5.63, 1.06]",1778.116
"[-91.66, -1.99, -0.52]","[-0.13, -5.63, 1.06]",1788.003
"[-91.66, -1.96, -0.51]","[-0.13, -5.63, 1.06]",1798.011
"[-91.65, -1.98, -0.51]","[-0.13, -5.63, 1.06]",1807.873
"[-91.69, -1.96, -0.52]","[-0.13, -5.63, 1.06]",1817.906
"[-91.67, -1.98, -0.52]","[-0.14, -5.63, 1.06]",1827.888
"[-91.7, -1.98, -0.5]","[-0.13, -5.63, 1.06]",1838.008
"[-91.69, -1.97, -0.5]","[-0.14, -5.63, 1.06]",1847.9859999999999
"[-91.69, -1.99, -0.5]","[-0.14, -5.63, 1.06]",1857.8799999999999
"[-91.69, -1.99, -0.51]","[-0.13, -5.63, 1.06]",1868.0110000000002
"[-91.66, -2.01, -0.49]","[-0.13, -5.63, 1.06]",1877.99
"[-91.69, -1.99, -0.51]","[-0.13, -5.63, 1.06]",1888.013
"[-91.67, -2.0, -0.51]","[-0.13, -5.63, 1.06]",1897.863
"[-91.66, -1.98, -0.49]","[-0.13, -5.63, 1.06]",1907.9140000000002
"[-91.66, -1.97, -0.49]","[-0.13, -5.63, 1.06]",1919.876
"[-91.65, -1.97, -0.48]","[-0.13, -5.63, 1.06]",1928.001
"[-91.68, -2.0, -0.5]","[-0.13, -5.63, 1.06]",1938.017
"[-91.69, -2.0, -0.5]","[-0.13, -5.63, 1.06]",1948.1329999999998
"[-91.68, -1.99, -0.49]","[-0.13, -5.63, 1.06]",1957.88
"[-91.72, -2.0, -0.5]","[-0.13, -5.63, 1.06]",1967.892
"[-91.69, -2.0, -0.49]","[-0.13, -5.63, 1.06]",1977.905
"[-91.7, -2.01, -0.49]","[-0.13, -5.63, 1.06]",1987.942
"[-91.72, -2.0, -0.49]","[-0.13, -5.63, 1.06]",1998.009
"[-91.67, -2.01, -0.49]","[-0.13, -5.63, 1.06]",2007.883
"[-91.7, -2.0, -0.5]","[-0.13, -5.63, 1.06]",2018.2259999999999
"[-91.68, -1.99, -0.49]","[-0.13, -5.63, 1.06]",2028.2230000000002
"[-91.7, -1.98, -0.49]","[-0.13, -5.63, 1.06]",2038.224
"[-91.67, -1.99, -0.49]","[-0.13, -5.63, 1.06]",2048.2580000000003
"[-91.7, -1.98, -0.49]","[-0.13, -5.63, 1.06]",2057.366
"[-91.71, -2.0, -0.51]","[-0.13, -5.63, 1.06]",2068.225
"[-91.69, -1.99, -0.48]","[-0.13, -5.63, 1.07]",2078.234
"[-91.66, -1.98, -0.51]","[-0.12, -5.62, 1.08]",2088.219
"[-91.63, -1.96, -0.52]","[-0.13, -5.62, 1.08]",2098.224
"[-91.61, -1.92, -0.54]","[-0.12, -5.61, 1.08]",2108.2239999999997
"[-91.59, -1.89, -0.54]","[-0.12, -5.6, 1.08]",2118.2219999999998
"[-91.62, -1.89, -0.57]","[-0.12, -5.6, 1.08]",2128.2230000000004
"[-91.61, -1.9, -0.55]","[-0.12, -5.59, 1.08]",2138.279
"[-91.7, -1.91, -0.53]","[-0.13, -5.59, 1.08]",2148.2230000000004
"[-91.76, -1.9, -0.53]","[-0.13, -5.59, 1.08]",2157.766
"[-91.78, -1.91, -0.51]","[-0.13, -5.58, 1.08]",2168.2239999999997
"[-91.84, -1.93, -0.5]","[-0.13, -5.58, 1.08]",2177.722
"[-91.85, -1.94, -0.51]","[-0.13, -5.58, 1.08]",2188.2329999999997
"[-91.87, -1.89, -0.5]","[-0.13, -5.58, 1.08]",2201.37
"[-91.79, -1.9, -0.51]","[-0.13, -5.58, 1.08]",2207.366
"[-91.7, -1.89, -0.53]","[-0.12, -5.58, 1.07]",2218.224
"[-91.68, -1.87, -0.53]","[-0.12, -5.58, 1.07]",2228.2479999999996
"[-91.64, -1.86, -0.55]","[-0.11, -5.58, 1.07]",2237.7250000000004
"[-91.63, -1.86, -0.56]","[-0.12, -5.58, 1.07]",2248.224
"[-91.64, -1.9, -0.56]","[-0.12, -5.58, 1.07]",2258.217
"[-91.71, -1.92, -0.54]","[-0.12, -5.58, 1.07]",2267.8889999999997
"[-91.76, -1.91, -0.52]","[-0.13, -5.58, 1.07]",2278.23
"[-91.79, -1.92, -0.54]","[-0.13, -5.58, 1.07]",2288.2400000000002
"[-91.77, -1.9, -0.53]","[-0.13, -5.58, 1.07]",2298.2309999999998
"[-91.75, -1.89, -0.53]","[-0.13, -5.58, 1.07]",2308.222
"[-91.72, -1.89, -0.53]","[-0.12, -5.58, 1.07]",2318.2290000000003
"[-91.71, -1.88, -0.53]","[-0.12, -5.59, 1.07]",2328.228
"[-91.73, -1.87, -0.55]","[-0.11, -5.58, 1.07]",2338.2309999999998
"[-91.67, -1.86, -0.54]","[-0.12, -5.58, 1.07]",2348.227
"[-91.7, -1.88, -0.57]","[-0.12, -5.58, 1.08]",2357.229
"[-91.64, -1.82, -0.59]","[-0.11, -5.58, 1.08]",2368.231
"[-91.66, -1.84, -0.66]","[-0.14, -5.56, 1.15]",2378.2309999999998
"[-91.58, -1.73, -0.73]","[-0.09, -5.56, 1.16]",2387.8309999999997
"[-91.41, -1.68, -0.76]","[-0.12, -5.55, 1.17]",2398.23
"[-91.29, -1.48, -0.8]","[-0.12, -5.52, 1.23]",2408.2270000000003
"[-90.96, -1.31, -0.83]","[-0.06, -5.53, 1.16]",2418.23
"[-90.77, -1.46, -0.91]","[-0.07, -5.48, 1.11]",2428.23
"[-90.45, -1.62, -0.85]","[-0.07, -5.58, 0.99]",2437.794
"[-90.54, -1.86, -1.08]","[-0.1, -5.56, 0.88]",2448.2309999999998
"[-91.75, -1.92, -1.12]","[-0.16, -5.54, 0.9]",2458.257
"[-92.72, -2.38, -0.6]","[-0.18, -5.54, 0.83]",2468.248
"[-94.08, -3.17, -0.05]","[-0.2, -5.55, 0.84]",2481.353
"[-94.76, -3.2, -0.09]","[-0.18, -5.61, 0.86]",2488.382
"[-95.27, -3.31, -0.05]","[-0.12, -5.63, 0.83]",2498.395
"[-94.82, -3.31, -0.01]","[-0.14, -5.66, 0.83]",2508.226
"[-93.81, -2.99, -0.36]","[-0.16, -5.57, 0.83]",2517.66
"[-92.89, -2.48, -0.82]","[-0.16, -5.61, 0.8]",2528.2079999999996
"[-92.47, -2.43, -0.98]","[-0.17, -5.6, 0.81]",2538.034
"[-91.82, -2.47, -0.83]","[-0.14, -5.59, 0.81]",2548.0860000000002
"[-92.05, -2.72, -0.47]","[-0.16, -5.55, 0.81]",2558.128
"[-92.24, -2.79, -0.17]","[-0.19, -5.48, 0.79]",2567.687
"[-92.78, -2.74, 0.05]","[-0.23, -5.46, 0.78]",2577.9550000000004
"[-93.59, -2.75, 0.25]","[-0.25, -5.49, 0.78]",2588.548
"[-94.3, -2.93, 0.26]","[-0.24, -5.5, 0.77]",2598.009
"[-94.65, -2.98, 0.1]","[-0.26, -5.52, 0.77]",2607.5550000000003
"[-94.78, -2.95, -0.02]","[-0.25, -5.54, 0.78]",2618.105
"[-94.61, -3.02, -0.04]","[-0.22, -5.54, 0.78]",2628.0009999999997
"[-94.33, -3.02, -0.22]","[-0.23, -5.47, 0.8]",2638.0
"[-93.71, -2.79, -0.49]","[-0.21, -5.48, 0.81]",2648.004
"[-93.16, -2.7, -0.81]","[-0.19, -5.47, 0.81]",2658.0170000000003
"[-92.56, -2.68, -0.88]","[-0.17, -5.46, 0.82]",2668.0350000000003
"[-92.25, -2.58, -0.94]","[-0.14, -5.47, 0.82]",2678.06
"[-92.53, -2.59, -0.83]","[-0.15, -5.45, 0.81]",2688.0350000000003
"[-92.67, -2.64, -0.63]","[-0.18, -5.38, 0.8]",2697.999
"[-93.03, -2.71, -0.45]","[-0.19, -5.35, 0.78]",2708.116
"[-93.67, -2.86, -0.36]","[-0.2, -5.37, 0.78]",2717.955
"[-94.06, -2.97, -0.44]","[-0.19, -5.4, 0.79]",2727.822
"[-94.13, -3.13, -0.61]","[-0.19, -5.43, 0.79]",2738.251
"[-93.98, -3.19, -0.74]","[-0.17, -5.45, 0.79]",2748.253
"[-93.56, -3.25, -0.77]","[-0.17, -5.46, 0.79]",2760.377
"[-93.28, -3.18, -0.79]","[-0.16, -5.46, 0.78]",2768.2540000000004
"[-92.79, -3.2, -0.82]","[-0.15, -5.47, 0.79]",2778.251
"[-92.51, -3.17, -0.81]","[-0.15, -5.48, 0.8]",2787.301
"[-92.38, -3.03, -0.78]","[-0.15, -5.49, 0.81]",2798.27
"[-92.41, -2.87, -0.75]","[-0.16, -5.5, 0.82]",2807.242
"[-92.68, -2.78, -0.72]","[-0.18, -5.49, 0.83]",2818.2529999999997
"[-92.94, -2.68, -0.5]","[-0.22, -5.47, 0.83]",2828.249
"[-93.24, -2.61, -0.28]","[-0.24, -5.45, 0.84]",2837.396
"[-93.49, -2.63, -0.21]","[-0.24, -5.46, 0.85]",2848.2509999999997
"[-93.63, -2.56, -0.26]","[-0.23, -5.5, 0.85]",2857.758
"[-93.68, -2.51, -0.33]","[-0.2, -5.51, 0.85]",2868.245
"[-93.36, -2.46, -0.45]","[-0.2, -5.5, 0.84]",2878.241
"[-93.21, -2.48, -0.59]","[-0.18, -5.5, 0.83]",2888.25
"[-93.11, -2.5, -0.66]","[-0.17, -5.5, 0.83]",2898.248
"[-93.13, -2.65, -0.67]","[-0.16, -5.48, 0.82]",2908.25
"[-93.16, -2.81, -0.66]","[-0.15, -5.47, 0.82]",2917.9080000000004
"[-93.29, -2.95, -0.67]","[-0.15, -5.47, 0.82]",2927.663
"[-93.39, -3.07, -0.74]","[-0.16, -5.46, 0.81]",2937.659
"[-93.47, -2.91, -0.64]","[-0.17, -5.46, 0.81]",2947.541
"[-93.5, -3.13, -0.78]","[-0.15, -5.47, 0.81]",2958.092
"[-93.5, -3.09, -0.75]","[-0.15, -5.47, 0.81]",2967.6589999999997
"[-93.51, -3.05, -0.7]","[-0.15, -5.48, 0.81]",2978.491
"[-93.44, -2.92, -0.58]","[-0.14, -5.48, 0.81]",2987.656
"[-93.36, -2.91, -0.55]","[-0.13, -5.49, 0.81]",2997.658
"[-93.31, -2.85, -0.57]","[-0.12, -5.5, 0.81]",3008.157
"[-93.24, -2.73, -0.59]","[-0.12, -5.5, 0.81]",3017.846
"[-93.27, -2.75, -0.62]","[-0.13, -5.51, 0.81]",3027.714
"[-93.2, -2.82, -0.59]","[-0.12, -5.5, 0.83]",3040.714
"[-93.19, -2.86, -0.61]","[-0.13, -5.5, 0.83]",3047.875
"[-93.13, -2.9, -0.6]","[-0.14, -5.51, 0.83]",3057.854
"[-93.02, -2.87, -0.63]","[-0.14, -5.51, 0.84]",3067.8920000000003
"[-92.93, -2.78, -0.63]","[-0.14, -5.51, 0.84]",3077.711
"[-92.81, -2.73, -0.66]","[-0.14, -5.52, 0.84]",3087.847
"[-92.74, -2.68, -0.67]","[-0.13, -5.52, 0.85]",3098.3010000000004
"[-92.7, -2.63, -0.64]","[-0.13, -5.52, 0.85]",3107.7059999999997
"[-92.77, -2.56, -0.6]","[-0.14, -5.51, 0.84]",3117.708
"[-92.78, -2.51, -0.52]","[-0.14, -5.5, 0.84]",3128.415
"[-92.87, -2.58, -0.51]","[-0.13, -5.49, 0.84]",3138.112
"[-92.94, -2.71, -0.57]","[-0.14, -5.48, 0.84]",3148.139
"[-93.06, -2.64, -0.53]","[-0.15, -5.47, 0.84]",3157.8469999999998
"[-93.12, -2.8, -0.54]","[-0.12, -5.4, 0.83]",3168.103
"[-93.12, -3.16, -0.36]","[-0.09, -5.16, 0.77]",3178.148
"[-92.15, -3.7, 0.05]","[-0.07, -4.86, 0.67]",3187.716
"[-89.07, -3.84, 0.12]","[-0.08, -4.63, 0.57]",3197.86
"[-84.09, -3.38, -0.58]","[-0.09, -4.61, 0.55]",3208.105
"[-79.8, -0.81, -4.01]","[0.05, -4.79, 0.56]",3218.353
"[-76.91, -0.35, -4.27]","[0.04, -4.27, 0.53]",3228.067
"[-70.13, -1.06, -2.68]","[-0.01, -3.5, 0.44]",3238.12
"[-70.25, -0.96, -2.08]","[-0.04, -3.43, 0.49]",3247.995
"[-73.41, -1.94, -1.12]","[0.02, -3.56, 0.62]",3257.8559999999998
"[-75.6, -2.67, 0.03]","[0.03, -3.71, 0.63]",3267.8410000000003
"[-76.2, -2.54, 1.07]","[-0.03, -3.61, 0.63]",3277.85
"[-75.75, -1.65, 1.08]","[-0.07, -3.65, 0.62]",3288.073
"[-76.69, -0.43, -0.6]","[-0.07, -3.88, 0.64]",3297.841
"[-77.08, 0.06, -2.07]","[-0.11, -4.2, 0.63]",3308.2760000000003
"[-81.7, -1.94, -1.23]","[0.1, -3.74, 0.36]",3321.0130000000004
"[-92.98, -5.45, 1.61]","[0.59, -1.46, -0.23]",3328.154
"[-91.78, -3.62, 1.9]","[-1.14, -1.34, -0.08]",3338.137
"[-86.96, 5.91, 2.7]","[-0.82, -2.34, 0.05]",3348.098
"[-77.11, 5.32, 1.29]","[-0.18, -3.54, -0.01]",3358.073
"[-73.49, -0.95, 1.09]","[-0.05, -2.79, 0.24]",3368.15
"[-60.82, -0.4, 0.6]","[-0.41, -1.79, -0.07]",3378.148
"[-58.67, 5.39, -0.15]","[-0.04, -1.8, -0.32]",3388.147
"[-63.15, 5.78, -4.81]","[-0.02, -2.23, -0.03]",3398.1400000000003
"[-62.85, 1.51, -4.84]","[-0.22, -1.83, -0.47]",3408.11
"[-53.3, 3.84, -3.33]","[-0.68, -1.49, -0.67]",3418.109
"[-48.29, 4.85, -2.61]","[-0.55, -1.67, -0.65]",3428.179
"[-50.73, 4.01, -2.81]","[-0.19, -1.94, -0.47]",3438.032
"[-50.99, 0.76, -3.74]","[-0.11, -1.6, -0.46]",3448.154
"[-50.08, 4.2, -3.52]","[-0.23, -1.35, -0.66]",3458.129
"[-52.12, 5.78, -5.27]","[-0.36, -1.48, -0.74]",3468.1150000000002
"[-52.04, 5.11, -4.62]","[-0.37, -1.32, -0.82]",3478.009
"[-48.93, 5.34, -2.67]","[-0.43, -0.96, -0.93]",3495.356
"[-48.79, 5.41, -2.55]","[-0.43, -0.94, -0.95]",3497.379
"[-48.08, 5.26, -2.23]","[-0.4, -0.72, -1.04]",3508.051
"[-47.9, 4.66, -1.94]","[-0.41, -0.48, -1.1]",3518.321
"[-46.98, 5.17, -2.37]","[-0.4, -0.32, -1.1]",3528.029
"[-47.04, 5.67, -1.95]","[-0.42, -0.16, -1.05]",3538.141
"[-45.76, 6.17, -1.6]","[-0.4, 0.0, -1.05]",3548.142
"[-44.73, 5.85, -0.86]","[-0.34, 0.16, -1.04]",3558.063
"[-43.9, 5.58, -0.61]","[-0.36, 0.33, -1.06]",3568.114
"[-43.19, 5.11, 0.25]","[-0.41, 0.55, -1.11]",3578.139
"[-42.03, 5.5, 0.3]","[-0.4, 0.74, -1.16]",3588.1479999999997
"[-40.55, 5.81, 0.1]","[-0.4, 0.73, -1.21]",3600.002
"[-39.97, 5.79, -0.07]","[-0.42, 0.76, -1.27]",3608.0480000000002
"[-38.91, 5.29, 0.35]","[-0.49, 1.01, -1.37]",3618.0080000000003
"[-37.7, 5.57, 0.45]","[-0.51, 1.2, -1.45]",3628.1
"[-36.95, 5.87, 0.44]","[-0.52, 1.21, -1.46]",3638.15
"[-35.99, 6.1, 0.51]","[-0.54, 1.23, -1.51]",3648.156
"[-34.7, 5.97, 0.93]","[-0.57, 1.36, -1.58]",3658.12
"[-33.81, 5.98, 0.93]","[-0.63, 1.49, -1.66]",3668.145
"[-33.01, 6.19, 0.82]","[-0.7, 1.58, -1.73]",3678.112
"[-32.36, 6.4, 0.89]","[-0.73, 1.67, -1.79]",3688.265
"[-31.23, 6.43, 0.81]","[-0.71, 1.77, -1.81]",3698.152
"[-30.27, 6.61, 0.71]","[-0.7, 1.84, -1.83]",3708.117
"[-29.61, 6.71, 0.85]","[-0.73, 1.94, -1.86]",3718.087
"[-28.91, 6.58, 1.13]","[-0.75, 2.09, -1.91]",3728.213
"[-28.03, 6.53, 1.39]","[-0.76, 2.23, -1.93]",3738.087
"[-27.34, 6.67, 1.42]","[-0.74, 2.29, -1.93]",3748.129
"[-26.72, 6.84, 1.41]","[-0.73, 2.36, -1.93]",3758.142
"[-25.9, 6.85, 1.41]","[-0.71, 2.49, -1.95]",3768.109
"[-25.17, 6.93, 1.45]","[-0.72, 2.61, -1.96]",3778.09
"[-24.5, 6.94, 1.62]","[-0.72, 2.73, -1.98]",3788.355
"[-23.87, 6.95, 1.77]","[-0.72, 2.82, -1.98]",3798.136
"[-23.13, 6.97, 1.94]","[-0.7, 2.9, -1.97]",3808.117
"[-22.44, 7.04, 1.95]","[-0.7, 2.98, -1.97]",3817.674
"[-21.83, 7.09, 2.01]","[-0.7, 3.1, -1.97]",3828.076
"[-21.23, 7.12, 2.05]","[-0.7, 3.2, -1.97]",3837.788
"[-20.58, 7.1, 2.12]","[-0.68, 3.27, -1.96]",3847.781
"[-19.89, 7.1, 2.19]","[-0.68, 3.34, -1.96]",3857.6929999999998
"[-19.22, 7.23, 2.23]","[-0.68, 3.41, -1.96]",3867.7999999999997
"[-18.32, 7.19, 2.4]","[-0.68, 3.55, -1.97]",3882.299
"[-18.07, 7.19, 2.4]","[-0.68, 3.59, -1.97]",3887.967
"[-17.49, 7.2, 2.44]","[-0.68, 3.68, -1.98]",3903.949
"[-16.9, 7.19, 2.45]","[-0.67, 3.76, -1.98]",3908.6479999999997
"[-16.22, 7.22, 2.47]","[-0.67, 3.81, -1.98]",3918.177
"[-15.68, 7.27, 2.48]","[-0.67, 3.87, -1.98]",3927.791
"[-15.18, 7.29, 2.5]","[-0.66, 3.96, -1.99]",3937.798
"[-14.67, 7.29, 2.58]","[-0.66, 4.03, -1.99]",3948.067
"[-14.05, 7.32, 2.57]","[-0.66, 4.09, -2.0]",3957.7960000000003
"[-13.5, 7.37, 2.57]","[-0.65, 4.13, -2.0]",3968.432
"[-13.03, 7.38, 2.59]","[-0.65, 4.17, -2.0]",3977.808
"[-12.63, 7.37, 2.59]","[-0.65, 4.23, -2.01]",3988.321
"[-12.31, 7.34, 2.61]","[-0.64, 4.3, -2.02]",3997.654
"[-11.97, 7.38, 2.62]","[-0.64, 4.34, -2.02]",4007.657
"[-11.54, 7.39, 2.63]","[-0.63, 4.37, -2.02]",4018.3140000000003
"[-11.32, 7.33, 2.71]","[-0.62, 4.42, -2.02]",4028.3129999999996
"[-11.1, 7.26, 2.79]","[-0.62, 4.48, -2.03]",4037.898
"[-10.8, 7.28, 2.79]","[-0.61, 4.54, -2.03]",4048.1670000000004
"[-10.48, 7.28, 2.82]","[-0.61, 4.58, -2.03]",4058.165
"[-10.16, 7.23, 2.9]","[-0.62, 4.63, -2.03]",4068.2679999999996
"[-9.42, 7.22, 2.96]","[-0.61, 4.67, -2.03]",4078.2679999999996
"[-8.92, 7.17, 2.96]","[-0.61, 4.7, -2.03]",4088.317
"[-8.54, 7.16, 3.0]","[-0.61, 4.75, -2.03]",4098.409000000001
"[-8.01, 7.18, 3.01]","[-0.61, 4.82, -2.03]",4108.275
"[-7.68, 7.21, 2.98]","[-0.61, 4.86, -2.03]",4118.496999999999
"[-7.3, 7.14, 2.96]","[-0.6, 4.9, -2.03]",4127.213000000001
"[-6.88, 7.11, 3.03]","[-0.61, 4.94, -2.04]",4137.5070000000005
"[-6.53, 7.09, 3.09]","[-0.61, 4.99, -2.04]",4148.513
"[-5.93, 7.07, 3.11]","[-0.61, 5.03, -2.04]",4160.504000000001
"[-5.68, 7.14, 3.07]","[-0.61, 5.03, -2.05]",4168.498
"[-5.16, 7.25, 3.07]","[-0.6, 4.98, -2.05]",4178.499000000001
"[-5.19, 7.31, 3.22]","[-0.57, 4.97, -2.06]",4189.502
"[-6.06, 7.11, 3.58]","[-0.54, 4.91, -2.06]",4197.79
"[-7.96, 7.0, 4.21]","[-0.5, 4.94, -2.06]",4209.499
"[-12.25, 6.42, 4.44]","[-0.47, 5.5, -2.02]",4217.661999999999
"[-14.74, 7.18, 4.85]","[-0.71, 5.53, -1.86]",4227.656
"[-12.91, 7.99, 4.58]","[-0.64, 4.95, -1.91]",4238.157
"[-9.03, 6.94, 5.08]","[-0.41, 4.81, -1.92]",4248.017
"[-6.95, 6.07, 4.96]","[-0.37, 5.27, -1.89]",4257.713
"[-6.27, 6.06, 4.72]","[-0.54, 5.55, -1.79]",4268.544000000001
"[-5.74, 7.25, 3.84]","[-0.44, 5.47, -1.85]",4277.913
"[-6.78, 6.69, 3.46]","[-0.43, 5.21, -1.88]",4288.274
"[-6.63, 5.54, 3.59]","[-0.45, 5.38, -1.85]",4297.941
"[-5.66, 5.56, 4.82]","[-0.48, 5.64, -1.81]",4308.076
"[-5.4, 6.73, 5.1]","[-0.42, 5.42, -1.81]",4317.956999999999
"[-5.07, 6.36, 4.66]","[-0.38, 5.36, -1.81]",4328.538
"[-4.75, 6.33, 4.21]","[-0.43, 5.6, -1.8]",4338.552
"[-4.93, 6.53, 4.16]","[-0.49, 5.74, -1.81]",4348.194
"[-4.69, 6.72, 4.34]","[-0.44, 5.64, -1.85]",4358.116
"[-3.79, 6.49, 4.42]","[-0.41, 5.69, -1.88]",4368.058
"[-3.54, 6.26, 4.49]","[-0.47, 5.81, -1.91]",4377.865
"[-3.53, 6.06, 4.96]","[-0.53, 5.88, -1.94]",4388.2029999999995
"[-3.21, 6.22, 5.18]","[-0.5, 5.86, -1.96]",4397.576
"[-2.77, 6.4, 4.82]","[-0.47, 5.87, -1.95]",4408.161
"[-2.61, 6.59, 4.61]","[-0.48, 5.87, -1.93]",4418.018
"[-2.42, 6.71, 4.74]","[-0.48, 5.92, -1.92]",4428.0109999999995
"[-1.98, 6.62, 4.98]","[-0.46, 5.95, -1.92]",4440.5650000000005
"[-1.84, 6.54, 5.0]","[-0.47, 5.98, -1.92]",4448.268
"[-1.73, 6.49, 5.05]","[-0.47, 6.02, -1.92]",4458.001
"[-1.51, 6.47, 5.18]","[-0.45, 6.05, -1.92]",4468.192
"[-1.23, 6.44, 5.13]","[-0.44, 6.05, -1.91]",4477.9980000000005
"[-0.98, 6.49, 4.93]","[-0.44, 6.1, -1.91]",4488.09
"[-1.02, 6.55, 4.87]","[-0.45, 6.12, -1.91]",4498.031
"[-0.79, 6.47, 5.0]","[-0.45, 6.13, -1.91]",4508.031
"[-0.39, 6.43, 5.07]","[-0.44, 6.13, -1.9]",4520.351
"[-0.17, 6.46, 5.06]","[-0.44, 6.12, -1.89]",4528.031
"[-0.06, 6.38, 5.11]","[-0.45, 6.13, -1.89]",4537.999
"[0.11, 6.3, 5.2]","[-0.45, 6.17, -1.89]",4547.999
"[0.21, 6.26, 5.17]","[-0.45, 6.18, -1.89]",4558.078
"[0.43, 6.31, 5.04]","[-0.44, 6.19, -1.89]",4568.028
"[0.59, 6.32, 4.91]","[-0.43, 6.2, -1.88]",4577.998
"[0.75, 6.28, 4.89]","[-0.44, 6.22, -1.89]",4588.193
"[0.9, 6.26, 4.93]","[-0.44, 6.23, -1.89]",4597.999
"[1.05, 6.27, 4.93]","[-0.44, 6.22, -1.88]",4607.999000000001
"[1.22, 6.25, 4.92]","[-0.44, 6.2, -1.88]",4617.998
"[1.4, 6.27, 4.88]","[-0.44, 6.2, -1.88]",4628.302
"[1.54, 6.34, 4.78]","[-0.43, 6.2, -1.88]",4637.996
"[1.64, 6.39, 4.65]","[-0.43, 6.21, -1.88]",4648.266
"[1.67, 6.34, 4.58]","[-0.43, 6.23, -1.89]",4657.110000000001
"[1.77, 6.31, 4.57]","[-0.43, 6.25, -1.89]",4668.12
"[1.89, 6.33, 4.53]","[-0.42, 6.24, -1.89]",4677.112
"[2.0, 6.37, 4.46]","[-0.42, 6.23, -1.89]",4689.048
"[2.2, 6.39, 4.43]","[-0.42, 6.24, -1.89]",4698.149
"[2.25, 6.34, 4.42]","[-0.42, 6.24, -1.89]",4708.146
"[2.42, 6.42, 4.35]","[-0.42, 6.23, -1.89]",4721.379
"[2.45, 6.47, 4.28]","[-0.41, 6.22, -1.89]",4728.11
"[2.58, 6.48, 4.24]","[-0.41, 6.21, -1.89]",4737.543
"[2.63, 6.45, 4.22]","[-0.41, 6.22, -1.89]",4748.388
"[2.63, 6.44, 4.2]","[-0.41, 6.23, -1.89]",4758.378000000001
"[2.69, 6.41, 4.19]","[-0.41, 6.24, -1.9]",4768.392000000001
"[2.74, 6.39, 4.16]","[-0.4, 6.24, -1.9]",4778.389
"[2.78, 6.41, 4.12]","[-0.4, 6.23, -1.9]",4788.447
"[2.83, 6.44, 4.04]","[-0.4, 6.22, -1.9]",4798.398999999999
"[2.86, 6.46, 3.98]","[-0.39, 6.21, -1.9]",4808.378000000001
"[2.89, 6.45, 3.94]","[-0.4, 6.21, -1.9]",4818.088000000001
"[2.89, 6.45, 3.97]","[-0.4, 6.2, -1.89]",4828.389999999999
"[2.93, 6.41, 4.0]","[-0.4, 6.19, -1.89]",4838.381
"[2.99, 6.45, 3.99]","[-0.4, 6.19, -1.89]",4847.521000000001
"[2.98, 6.46, 3.94]","[-0.4, 6.19, -1.89]",4857.548000000001
"[2.99, 6.43, 3.88]","[-0.4, 6.2, -1.9]",4868.386
"[2.97, 6.45, 3.81]","[-0.4, 6.2, -1.9]",4877.54
"[3.02, 6.46, 3.78]","[-0.4, 6.2, -1.9]",4888.385
"[3.04, 6.44, 3.78]","[-0.4, 6.19, -1.9]",4897.773
"[3.11, 6.44, 3.82]","[-0.41, 6.19, -1.9]",4908.389999999999
"[3.11, 6.44, 3.82]","[-0.41, 6.18, -1.9]",4918.381
"[3.1, 6.44, 3.78]","[-0.41, 6.18, -1.9]",4928.591
"[3.11, 6.44, 3.78]","[-0.41, 6.19, -1.9]",4938.389
"[3.11, 6.47, 3.75]","[-0.41, 6.18, -1.89]",4948.051
"[3.19, 6.48, 3.71]","[-0.41, 6.18, -1.89]",4958.211
"[3.17, 6.45, 3.7]","[-0.41, 6.18, -1.9]",4968.143999999999
"[3.1, 6.49, 3.71]","[-0.41, 6.19, -1.89]",4981.392
"[3.08, 6.35, 3.71]","[-0.4, 6.23, -1.88]",4989.387
"[2.97, 6.48, 3.64]","[-0.36, 6.2, -1.82]",4998.381
"[3.15, 7.29, 4.11]","[-0.42, 6.21, -1.81]",5008.387
"[2.89, 6.11, 3.48]","[-0.33, 6.19, -1.76]",5017.436
"[2.87, 6.02, 3.41]","[-0.33, 6.18, -1.74]",5028.012000000001
"[2.84, 6.01, 3.42]","[-0.32, 6.18, -1.73]",5038.393
"[2.83, 5.97, 3.44]","[-0.32, 6.19, -1.72]",5048.392
"[2.81, 5.94, 3.45]","[-0.32, 6.18, -1.71]",5057.5419999999995
"[2.8, 5.95, 3.43]","[-0.32, 6.18, -1.71]",5067.933
"[2.78, 5.94, 3.42]","[-0.32, 6.18, -1.71]",5077.56
"[2.78, 5.93, 3.45]","[-0.32, 6.17, -1.71]",5088.3820000000005
"[2.78, 5.96, 3.4]","[-0.31, 6.18, -1.7]",5097.412
"[2.78, 5.94, 3.41]","[-0.31, 6.17, -1.7]",5108.380999999999
"[2.78, 5.94, 3.45]","[-0.31, 6.17, -1.7]",5117.381
"[2.78, 5.93, 3.47]","[-0.31, 6.17, -1.7]",5127.424999999999
"[2.76, 5.92, 3.48]","[-0.31, 6.17, -1.7]",5138.398999999999
"[2.76, 5.94, 3.44]","[-0.31, 6.17, -1.7]",5147.412
"[2.76, 5.92, 3.43]","[-0.31, 6.17, -1.7]",5157.3820000000005
"[2.76, 5.92, 3.45]","[-0.31, 6.17, -1.7]",5168.126
"[2.75, 5.92, 3.42]","[-0.31, 6.17, -1.7]",5177.379
"[2.74, 5.93, 3.45]","[-0.32, 6.16, -1.7]",5188.696
"[2.74, 5.92, 3.44]","[-0.32, 6.17, -1.7]",5196.54
"[2.73, 5.93, 3.44]","[-0.31, 6.17, -1.7]",5207.518
"[2.75, 5.89, 3.44]","[-0.31, 6.17, -1.7]",5218.387
"[2.73, 5.94, 3.42]","[-0.31, 6.17, -1.7]",5227.384
"[2.73, 5.92, 3.42]","[-0.31, 6.17, -1.7]",5238.394
"[2.74, 5.93, 3.43]","[-0.31, 6.17, -1.7]",5247.521
"[2.73, 5.94, 3.4]","[-0.31, 6.17, -1.7]",5257.3949999999995
"[2.73, 5.93, 3.42]","[-0.32, 6.17, -1.7]",5267.41
"[2.73, 5.92, 3.44]","[-0.32, 6.17, -1.7]",5280.522999999999
"[2.72, 5.93, 3.45]","[-0.32, 6.16, -1.7]",5287.537
"[2.73, 5.93, 3.42]","[-0.32, 6.16, -1.7]",5298.38
"[2.7, 5.93, 3.4]","[-0.32, 6.16, -1.7]",5307.521000000001
"[2.73, 5.94, 3.4]","[-0.32, 6.16, -1.7]",5317.5
"[2.72, 5.94, 3.38]","[-0.32, 6.17, -1.7]",5326.54
"[2.71, 5.93, 3.41]","[-0.32, 6.17, -1.7]",5338.392
"[2.71, 5.93, 3.43]","[-0.32, 6.16, -1.7]",5346.973
"[2.72, 5.92, 3.43]","[-0.32, 6.16, -1.7]",5357.564
"[2.71, 5.93, 3.42]","[-0.32, 6.16, -1.7]",5367.521
"[2.71, 5.93, 3.4]","[-0.32, 6.16, -1.7]",5376.533
"[2.71, 5.93, 3.4]","[-0.32, 6.16, -1.7]",5387.393
"[2.7, 5.93, 3.41]","[-0.32, 6.16, -1.7]",5396.531000000001
"[2.7, 5.92, 3.42]","[-0.32, 6.16, -1.7]",5407.37
"[2.7, 5.92, 3.43]","[-0.32, 6.16, -1.7]",5417.509
"[2.68, 5.92, 3.43]","[-0.32, 6.17, -1.7]",5426.708
"[2.68, 5.92, 3.44]","[-0.32, 6.17, -1.7]",5436.531
"[2.67, 5.9, 3.42]","[-0.32, 6.17, -1.7]",5447.746
"[2.66, 5.93, 3.42]","[-0.32, 6.17, -1.7]",5456.505
"[2.68, 5.92, 3.42]","[-0.32, 6.17, -1.7]",5466.798
"[2.67, 5.93, 3.43]","[-0.32, 6.17, -1.7]",5476.7570000000005
"[2.66, 5.91, 3.44]","[-0.33, 6.16, -1.7]",5486.779
"[2.66, 5.9, 3.44]","[-0.33, 6.17, -1.7]",5502.782
"[2.67, 5.9, 3.44]","[-0.33, 6.17, -1.7]",5506.616
"[2.66, 5.91, 3.45]","[-0.33, 6.17, -1.7]",5516.756
"[2.65, 5.9, 3.42]","[-0.32, 6.17, -1.7]",5526.918000000001
"[2.66, 5.91, 3.42]","[-0.33, 6.17, -1.7]",5536.847
"[2.65, 5.92, 3.42]","[-0.32, 6.17, -1.7]",5546.893
"[2.66, 5.89, 3.45]","[-0.33, 6.17, -1.7]",5559.058
"[2.66, 5.9, 3.45]","[-0.33, 6.17, -1.7]",5566.571
"[2.66, 5.9, 3.44]","[-0.33, 6.16, -1.7]",5576.923
"[2.65, 5.92, 3.44]","[-0.33, 6.16, -1.7]",5586.9039999999995
"[2.65, 5.92, 3.43]","[-0.33, 6.16, -1.7]",5596.865
"[2.65, 5.91, 3.41]","[-0.33, 6.16, -1.7]",5606.782
"[2.66, 5.91, 3.43]","[-0.33, 6.16, -1.7]",5617.043
"[2.64, 5.9, 3.42]","[-0.33, 6.16, -1.7]",5627.072
"[2.63, 5.88, 3.43]","[-0.33, 6.16, -1.7]",5637.0779999999995
"[2.64, 5.91, 3.42]","[-0.33, 6.16, -1.7]",5647.086
"[2.63, 5.91, 3.42]","[-0.33, 6.16, -1.7]",5656.606
"[2.64, 5.91, 3.43]","[-0.33, 6.16, -1.7]",5667.07
"[2.63, 5.93, 3.42]","[-0.33, 6.16, -1.7]",5676.209
"[2.56, 5.91, 3.55]","[-0.33, 6.15, -1.72]",5687.064
"[2.08, 5.95, 3.64]","[-0.33, 6.28, -1.76]",5697.074
"[1.54, 5.79, 4.25]","[-0.38, 6.41, -1.74]",5707.0650000000005
"[1.59, 5.59, 4.98]","[-0.35, 6.35, -1.7]",5716.206
"[1.67, 5.68, 4.97]","[-0.27, 6.25, -1.56]",5726.816000000001
"[1.6, 5.54, 5.1]","[-0.18, 6.21, -1.43]",5736.862999999999
"[0.89, 4.97, 5.83]","[-0.13, 6.35, -1.3]",5746.753
"[-0.47, 4.25, 6.63]","[-0.09, 6.78, -1.25]",5756.68
"[-0.81, 3.55, 7.29]","[-0.15, 6.83, -1.26]",5766.987
"[-0.52, 3.59, 6.69]","[-0.15, 6.68, -1.28]",5776.91
"[-0.43, 3.65, 6.14]","[-0.12, 6.61, -1.31]",5786.839
"[-0.74, 3.3, 6.75]","[-0.15, 6.69, -1.3]",5796.674
"[-1.05, 3.24, 7.05]","[-0.13, 6.75, -1.27]",5806.8
"[-0.64, 3.81, 6.24]","[-0.08, 6.61, -1.22]",5816.991
"[-0.01, 4.32, 5.58]","[-0.07, 6.35, -1.18]",5826.822
"[0.25, 4.3, 5.62]","[-0.11, 6.31, -1.1]",5838.989
"[0.29, 4.07, 5.91]","[-0.07, 6.38, -1.07]",5846.672
"[0.86, 3.8, 5.85]","[-0.03, 6.24, -1.1]",5856.809
"[1.26, 3.93, 4.54]","[-0.04, 6.17, -1.26]",5866.671
"[1.39, 4.16, 3.25]","[-0.15, 6.19, -1.49]",5876.685
"[1.48, 4.37, 2.56]","[-0.29, 6.13, -1.65]",5887.0779999999995
"[1.69, 4.89, 1.95]","[-0.29, 6.02, -1.74]",5901.673
"[2.26, 5.39, 1.59]","[-0.3, 5.74, -1.76]",5906.692999999999
"[2.53, 5.94, 1.35]","[-0.28, 5.57, -1.78]",5916.684
"[2.45, 6.35, 1.4]","[-0.31, 5.49, -1.78]",5926.949
"[2.49, 6.8, 1.4]","[-0.32, 5.35, -1.79]",5937.013999999999
"[2.54, 7.3, 0.95]","[-0.34, 5.22, -1.77]",5946.926
"[2.51, 7.56, 0.48]","[-0.33, 5.15, -1.76]",5956.816
"[2.18, 7.21, 0.31]","[-0.33, 5.21, -1.79]",5966.819
"[1.77, 6.45, 0.46]","[-0.32, 5.3, -1.81]",5976.998
"[1.46, 5.58, 0.82]","[-0.34, 5.33, -1.81]",5986.679
"[1.2, 5.05, 0.93]","[-0.33, 5.33, -1.8]",5996.816
"[0.95, 4.84, 0.83]","[-0.35, 5.31, -1.77]",6006.820000000001
"[0.81, 4.78, 0.81]","[-0.35, 5.2, -1.74]",6016.835
"[0.7, 5.01, 0.4]","[-0.32, 5.14, -1.7]",6026.803
"[0.74, 5.29, 0.13]","[-0.32, 4.99, -1.66]",6037.046
"[0.61, 5.63, -0.11]","[-0.29, 4.9, -1.61]",6046.805
"[0.42, 5.81, -0.08]","[-0.28, 4.82, -1.56]",6056.695000000001
"[0.2, 5.91, -0.05]","[-0.27, 4.77, -1.53]",6066.829000000001
"[0.03, 5.8, -0.15]","[-0.3, 4.67, -1.5]",6076.751
"[-0.2, 5.63, -0.42]","[-0.26, 4.65, -1.52]",6086.966
"[-0.38, 5.19, -0.56]","[-0.27, 4.59, -1.53]",6096.8330000000005
"[-0.68, 5.12, -1.11]","[-0.25, 4.56, -1.56]",6106.835
"[-0.92, 5.17, -2.06]","[-0.27, 4.47, -1.58]",6118.829
"[-0.96, 5.18, -2.3]","[-0.29, 4.38, -1.58]",6126.815
"[-1.09, 5.08, -2.3]","[-0.3, 4.32, -1.56]",6136.8150000000005
"[-1.17, 4.89, -1.93]","[-0.27, 4.19, -1.53]",6146.8150000000005
"[-1.36, 4.98, -1.94]","[-0.25, 4.12, -1.48]",6156.831999999999
"[-1.7, 5.12, -1.99]","[-0.23, 4.04, -1.39]",6166.813999999999
"[-2.25, 5.12, -1.95]","[-0.21, 4.0, -1.3]",6176.934
"[-2.66, 4.96, -1.9]","[-0.17, 3.96, -1.24]",6186.679
"[-3.27, 4.66, -1.9]","[-0.14, 4.0, -1.27]",6196.678999999999
"[-4.01, 4.26, -1.81]","[-0.17, 4.07, -1.33]",6206.803
"[-4.7, 4.03, -1.66]","[-0.2, 4.17, -1.4]",6216.820000000001
"[-5.25, 3.98, -1.42]","[-0.25, 4.15, -1.43]",6226.906
"[-5.76, 4.22, -1.27]","[-0.26, 4.12, -1.44]",6236.692
"[-6.21, 4.51, -1.0]","[-0.26, 4.04, -1.43]",6246.805
"[-6.8, 4.92, -0.69]","[-0.24, 3.95, -1.4]",6256.978
"[-7.47, 5.35, -0.52]","[-0.23, 3.87, -1.36]",6267.003
"[-8.14, 5.8, -0.48]","[-0.23, 3.75, -1.3]",6276.713
"[-8.82, 5.98, -0.51]","[-0.25, 3.66, -1.25]",6286.679999999999
"[-9.63, 5.78, -0.35]","[-0.2, 3.64, -1.24]",6297.014
"[-10.75, 5.12, 0.05]","[-0.2, 3.76, -1.25]",6306.829
"[-11.85, 4.39, 0.49]","[-0.21, 3.88, -1.3]",6316.986
"[-12.72, 3.89, 0.6]","[-0.24, 3.95, -1.37]",6326.9619999999995
"[-13.33, 3.76, 0.62]","[-0.26, 3.88, -1.42]",6336.688
"[-14.05, 3.88, 0.69]","[-0.28, 3.83, -1.43]",6346.806
"[-14.87, 4.15, 0.96]","[-0.27, 3.78, -1.43]",6356.669
"[-15.59, 4.71, 1.1]","[-0.26, 3.7, -1.4]",6366.831999999999
"[-15.94, 5.35, 1.22]","[-0.26, 3.51, -1.35]",6376.802
"[-16.43, 5.99, 1.24]","[-0.23, 3.39, -1.31]",6386.675
"[-17.35, 5.89, 2.2]","[-0.28, 3.54, -1.18]",6397.820000000001
"[-17.98, 5.46, 3.27]","[-0.22, 3.69, -1.17]",6406.807
"[-18.47, 4.85, 3.64]","[-0.26, 3.9, -1.21]",6416.7519999999995
"[-18.45, 4.55, 3.84]","[-0.22, 3.85, -1.22]",6426.821
"[-18.96, 4.15, 3.56]","[-0.27, 4.07, -1.25]",6436.987
"[-19.14, 3.76, 4.02]","[-0.27, 4.12, -1.27]",6446.834
"[-19.31, 3.6, 4.08]","[-0.3, 4.16, -1.25]",6456.802
"[-19.13, 3.91, 3.74]","[-0.25, 4.09, -1.22]",6466.811
"[-19.1, 4.01, 3.98]","[-0.23, 4.03, -1.16]",6476.948
"[-19.22, 4.05, 4.54]","[-0.22, 4.05, -1.07]",6486.668
"[-19.24, 4.21, 4.8]","[-0.17, 4.02, -1.01]",6496.692
"[-19.15, 4.42, 4.61]","[-0.16, 3.98, -0.96]",6506.8330000000005
"[-19.16, 4.5, 4.48]","[-0.13, 3.99, -0.98]",6516.896
"[-19.39, 4.26, 4.38]","[-0.17, 4.11, -1.02]",6526.8189999999995
"[-19.44, 4.03, 4.43]","[-0.17, 4.15, -1.08]",6537.046
"[-19.5, 3.88, 4.11]","[-0.2, 4.2, -1.13]",6546.713
"[-19.38, 3.75, 4.22]","[-0.23, 4.15, -1.17]",6556.948
"[-19.45, 3.65, 4.45]","[-0.24, 4.17, -1.16]",6566.811000000001
"[-19.4, 3.74, 4.63]","[-0.23, 4.13, -1.13]",6576.837
"[-19.24, 3.95, 4.53]","[-0.22, 4.06, -1.08]",6586.682
"[-19.16, 4.19, 4.5]","[-0.19, 4.0, -1.03]",6596.676
"[-19.23, 4.3, 4.54]","[-0.18, 4.02, -1.0]",6606.67
"[-19.27, 4.25, 4.56]","[-0.17, 4.04, -1.0]",6616.8240000000005
"[-19.31, 4.2, 4.38]","[-0.17, 4.08, -1.03]",6626.803
"[-19.38, 3.98, 4.38]","[-0.19, 4.13, -1.07]",6636.682000000001
"[-19.49, 3.81, 4.44]","[-0.2, 4.18, -1.11]",6646.816000000001
"[-19.52, 3.72, 4.42]","[-0.21, 4.2, -1.13]",6656.982
"[-19.38, 3.8, 4.33]","[-0.22, 4.14, -1.12]",6666.8240000000005
"[-19.31, 3.95, 4.31]","[-0.21, 4.1, -1.1]",6679.822
"[-19.29, 4.03, 4.46]","[-0.2, 4.07, -1.07]",6686.7210000000005
"[-19.26, 4.09, 4.57]","[-0.2, 4.05, -1.04]",6696.7699999999995
"[-19.21, 4.19, 4.53]","[-0.18, 4.02, -1.02]",6706.815
"[-19.24, 4.18, 4.53]","[-0.18, 4.04, -1.02]",6716.844
"[-19.32, 4.1, 4.55]","[-0.18, 4.08, -1.03]",6726.813
"[-19.42, 4.0, 4.44]","[-0.18, 4.14, -1.06]",6737.0380000000005
"[-19.46, 3.93, 4.33]","[-0.19, 4.16, -1.09]",6746.821
"[-19.46, 3.85, 4.25]","[-0.2, 4.18, -1.11]",6756.808
"[-19.41, 3.84, 4.36]","[-0.2, 4.16, -1.11]",6766.95
"[-19.38, 3.89, 4.43]","[-0.21, 4.13, -1.09]",6776.944
"[-19.27, 4.0, 4.46]","[-0.2, 4.07, -1.07]",6787.039
"[-19.2, 4.09, 4.51]","[-0.2, 4.04, -1.04]",6797.022
"[-19.24, 4.11, 4.61]","[-0.19, 4.03, -1.03]",6806.8099999999995
"[-19.34, 4.11, 4.63]","[-0.18, 4.06, -1.01]",6816.816
"[-19.43, 3.96, 4.73]","[-0.16, 4.07, -0.98]",6826.822
"[-19.46, 3.71, 4.8]","[-0.13, 4.01, -0.97]",6837.013
"[-19.37, 3.62, 4.23]","[-0.11, 3.84, -0.99]",6846.669999999999
"[-19.31, 3.87, 3.01]","[-0.1, 3.63, -1.03]",6857.025000000001
"[-19.56, 4.06, 1.94]","[-0.12, 3.49, -1.06]",6866.755999999999
"[-19.97, 4.06, 1.47]","[-0.13, 3.39, -1.08]",6877.262
"[-20.28, 4.07, 1.07]","[-0.15, 3.22, -1.11]",6887.118
"[-20.51, 4.21, 0.35]","[-0.16, 2.98, -1.11]",6897.14
"[-20.77, 4.24, 0.04]","[-0.17, 2.8, -1.1]",6906.753
"[-21.14, 4.0, 0.24]","[-0.17, 2.62, -1.05]",6916.749000000001
"[-21.51, 3.94, 0.12]","[-0.16, 2.49, -0.97]",6926.719
"[-21.77, 3.99, -0.64]","[-0.13, 2.3, -0.9]",6936.683
"[-21.85, 4.04, -1.57]","[-0.11, 2.1, -0.84]",6946.818
"[-22.11, 3.52, -2.33]","[-0.09, 1.95, -0.8]",6959.014
"[-22.23, 3.03, -2.73]","[-0.08, 1.86, -0.79]",6967.0199999999995
"[-22.27, 2.69, -3.45]","[-0.1, 1.75, -0.8]",6976.981000000001
"[-21.97, 2.49, -4.5]","[-0.11, 1.46, -0.83]",6986.679
"[-21.91, 2.47, -5.47]","[-0.12, 1.28, -0.81]",6996.718000000001
"[-21.89, 2.43, -6.16]","[-0.1, 1.08, -0.77]",7006.908
"[-21.96, 2.35, -6.75]","[-0.08, 0.93, -0.72]",7017.005
"[-21.97, 2.49, -7.31]","[-0.05, 0.7, -0.66]",7026.821
"[-22.14, 2.53, -7.71]","[-0.05, 0.55, -0.61]",7036.908
"[-22.41, 2.38, -7.86]","[-0.05, 0.45, -0.59]",7046.6990000000005
"[-22.49, 2.34, -8.09]","[-0.08, 0.35, -0.6]",7057.182
"[-22.33, 2.51, -8.69]","[-0.1, 0.16, -0.59]",7066.821
"[-22.23, 2.7, -9.5]","[-0.06, -0.01, -0.54]",7077.066000000001
"[-22.35, 2.23, -10.07]","[-0.02, -0.17, -0.42]",7087.125
"[-22.53, 2.01, -10.54]","[0.03, -0.28, -0.32]",7096.697
"[-22.63, 1.66, -11.02]","[0.08, -0.39, -0.25]",7106.8189999999995
"[-22.74, 1.0, -11.33]","[0.09, -0.57, -0.14]",7116.928
"[-23.16, 0.37, -11.49]","[0.13, -0.6, -0.02]",7127.044
"[-23.67, -0.59, -11.38]","[0.19, -0.63, 0.13]",7137.043000000001
"[-24.01, -1.38, -11.59]","[0.24, -0.69, 0.24]",7147.044
"[-24.25, -1.85, -12.12]","[0.31, -0.78, 0.36]",7157.0470000000005
"[-24.51, -2.29, -12.42]","[0.35, -0.84, 0.46]",7167.045
"[-24.85, -2.77, -12.31]","[0.39, -0.91, 0.54]",7177.045999999999
"[-25.3, -3.02, -12.38]","[0.42, -0.95, 0.62]",7187.045999999999
"[-25.64, -3.1, -12.49]","[0.44, -1.0, 0.68]",7197.082
"[-26.03, -3.28, -12.26]","[0.46, -1.05, 0.74]",7207.067
"[-26.5, -3.34, -11.88]","[0.49, -1.07, 0.78]",7217.126
"[-27.03, -3.24, -11.69]","[0.5, -1.08, 0.84]",7227.045
"[-27.9, -3.14, -11.42]","[0.53, -1.09, 0.94]",7239.174
"[-28.38, -3.26, -11.03]","[0.56, -1.08, 1.01]",7247.104
"[-29.32, -3.61, -10.19]","[0.61, -1.04, 1.11]",7257.0779999999995
"[-30.45, -4.04, -9.51]","[0.63, -0.92, 1.16]",7267.058
"[-31.55, -4.47, -8.93]","[0.62, -0.81, 1.11]",7277.045
"[-32.54, -4.56, -8.65]","[0.56, -0.74, 1.02]",7287.063
"[-33.21, -4.36, -8.59]","[0.52, -0.74, 0.94]",7297.505
"[-33.8, -3.92, -8.65]","[0.48, -0.82, 0.85]",7307.0380000000005
"[-34.37, -3.16, -8.84]","[0.45, -0.93, 0.79]",7317.046
"[-34.99, -2.49, -8.94]","[0.46, -1.03, 0.77]",7327.0869999999995
"[-35.67, -1.93, -8.65]","[0.47, -1.1, 0.77]",7337.038
"[-36.35, -1.59, -8.12]","[0.45, -1.14, 0.77]",7347.044999999999
"[-37.22, -1.36, -7.48]","[0.43, -1.12, 0.78]",7357.295
"[-38.25, -1.43, -6.8]","[0.42, -1.06, 0.77]",7367.045
"[-39.13, -1.76, -6.18]","[0.42, -1.0, 0.76]",7377.108
"[-39.93, -2.15, -5.82]","[0.43, -0.95, 0.71]",7387.11
"[-40.7, -2.29, -5.98]","[0.42, -0.92, 0.61]",7397.045999999999
"[-41.24, -2.2, -6.37]","[0.38, -0.93, 0.5]",7407.277
"[-41.94, -1.81, -6.75]","[0.33, -0.96, 0.37]",7417.044
"[-42.65, -1.42, -6.58]","[0.29, -0.97, 0.29]",7427.158
"[-43.3, -1.06, -5.93]","[0.26, -1.0, 0.24]",7437.1720000000005
"[-43.86, -0.5, -5.35]","[0.26, -1.08, 0.24]",7447.177
"[-44.36, 0.15, -4.96]","[0.27, -1.2, 0.28]",7457.173
"[-44.96, 0.64, -4.59]","[0.3, -1.31, 0.37]",7467.191
"[-45.8, 0.84, -4.25]","[0.32, -1.32, 0.44]",7477.1720000000005
"[-46.66, 0.7, -4.09]","[0.33, -1.28, 0.41]",7487.294000000001
"[-47.33, 0.34, -4.36]","[0.27, -1.2, 0.27]",7497.262
"[-47.34, -0.18, -5.1]","[0.13, -1.14, 0.0]",7513.178
"[-47.12, -0.27, -5.29]","[0.1, -1.14, -0.04]",7519.575
"[-46.26, -0.3, -5.7]","[0.08, -1.13, -0.09]",7526.734
"[-45.09, -0.31, -5.98]","[0.09, -1.14, -0.07]",7536.569
"[-43.43, 0.03, -6.43]","[0.16, -1.17, -0.02]",7546.87
"[-42.0, 0.47, -6.83]","[0.22, -1.18, 0.08]",7556.7080000000005
"[-40.89, 0.79, -6.82]","[0.25, -1.18, 0.15]",7566.575000000001
"[-40.15, 1.11, -6.72]","[0.27, -1.17, 0.18]",7576.745
"[-39.77, 1.33, -6.9]","[0.24, -1.19, 0.16]",7586.715
"[-39.62, 1.37, -7.26]","[0.2, -1.21, 0.06]",7597.035
"[-39.55, 1.27, -7.69]","[0.15, -1.26, -0.07]",7606.886
"[-39.48, 1.22, -8.39]","[0.11, -1.4, -0.15]",7616.642
"[-39.61, 1.36, -9.3]","[0.11, -1.52, -0.14]",7626.613
"[-39.87, 1.28, -9.81]","[0.14, -1.65, -0.1]",7636.565
"[-40.24, 0.99, -9.85]","[0.15, -1.74, -0.03]",7646.709000000001
"[-40.7, 0.64, -9.69]","[0.19, -1.83, 0.06]",7656.609
"[-41.22, 0.18, -9.39]","[0.22, -1.9, 0.16]",7666.571
"[-41.74, -0.25, -9.1]","[0.24, -1.98, 0.24]",7676.869
"[-42.25, -0.47, -9.29]","[0.25, -2.05, 0.28]",7687.57
"[-42.63, -0.47, -9.98]","[0.26, -2.11, 0.3]",7701.566
"[-42.61, -0.58, -10.75]","[0.25, -2.27, 0.32]",7706.607
"[-42.38, -0.65, -11.43]","[0.27, -2.42, 0.35]",7716.597
"[-41.96, -0.79, -12.13]","[0.31, -2.6, 0.43]",7726.69
"[-41.58, -1.03, -12.55]","[0.35, -2.73, 0.55]",7736.684
"[-41.35, -1.39, -12.77]","[0.41, -2.81, 0.74]",7746.684
"[-41.24, -2.07, -12.78]","[0.5, -2.84, 0.93]",7756.68
"[-41.24, -3.0, -12.57]","[0.58, -2.83, 1.07]",7766.677
"[-41.43, -3.87, -12.55]","[0.63, -2.76, 1.15]",7776.683
"[-41.66, -4.49, -12.81]","[0.65, -2.72, 1.18]",7786.688
"[-41.97, -4.95, -13.16]","[0.66, -2.74, 1.2]",7798.683
"[-42.24, -5.13, -13.3]","[0.66, -2.76, 1.21]",7806.69
"[-42.59, -5.22, -13.27]","[0.65, -2.78, 1.24]",7816.788
"[-42.89, -5.17, -13.01]","[0.68, -2.83, 1.29]",7826.946000000001
"[-43.11, -5.04, -12.59]","[0.73, -2.88, 1.41]",7836.905
"[-43.23, -4.86, -12.17]","[0.78, -2.91, 1.55]",7846.924999999999
"[-43.3, -4.81, -11.73]","[0.83, -2.85, 1.69]",7856.645
"[-43.31, -5.08, -11.19]","[0.88, -2.69, 1.8]",7867.648
"[-43.04, -5.62, -10.64]","[0.92, -2.52, 1.82]",7876.846
"[-42.54, -6.1, -10.59]","[0.91, -2.38, 1.73]",7891.648
"[-41.96, -6.22, -11.07]","[0.86, -2.29, 1.61]",7896.899
"[-41.47, -6.1, -11.65]","[0.79, -2.26, 1.49]",7906.816
"[-41.11, -5.79, -12.08]","[0.78, -2.3, 1.37]",7916.818
"[-41.02, -5.29, -12.33]","[0.75, -2.34, 1.3]",7927.012000000001
"[-41.16, -4.64, -12.29]","[0.73, -2.4, 1.27]",7936.814
"[-41.5, -4.07, -11.87]","[0.75, -2.44, 1.31]",7946.985
"[-41.89, -3.71, -10.94]","[0.77, -2.49, 1.4]",7956.674999999999
"[-42.41, -3.54, -10.14]","[0.8, -2.48, 1.51]",7966.786
"[-42.97, -3.65, -9.65]","[0.84, -2.37, 1.56]",7976.647
"[-43.32, -4.19, -9.41]","[0.83, -2.27, 1.51]",7986.733
"[-43.36, -4.62, -9.6]","[0.81, -2.18, 1.34]",7997.012
"[-43.19, -4.77, -10.41]","[0.73, -2.12, 1.15]",8006.8009999999995
"[-42.83, -4.51, -11.35]","[0.64, -2.12, 0.94]",8016.705
"[-42.39, -4.09, -11.83]","[0.58, -2.16, 0.77]",8026.818
"[-42.14, -3.5, -11.83]","[0.55, -2.18, 0.7]",8036.961
"[-41.94, -2.89, -11.34]","[0.57, -2.25, 0.72]",8046.956
"[-41.89, -2.13, -10.62]","[0.62, -2.32, 0.84]",8056.950000000001
"[-42.13, -1.44, -9.74]","[0.67, -2.3, 0.97]",8066.955
"[-42.43, -1.31, -8.82]","[0.69, -2.26, 1.07]",8079.955999999999
"[-42.62, -1.35, -8.57]","[0.68, -2.19, 1.03]",8087.0599999999995
"[-42.59, -1.51, -9.09]","[0.62, -2.16, 0.85]",8096.968000000001
"[-42.51, -1.75, -9.91]","[0.52, -2.1, 0.6]",8106.953
"[-42.48, -1.83, -10.68]","[0.41, -2.05, 0.39]",8116.947
"[-42.43, -1.8, -11.27]","[0.35, -2.03, 0.28]",8127.053
"[-42.37, -1.8, -11.17]","[0.34, -2.04, 0.27]",8137.014000000001
"[-42.31, -1.73, -10.59]","[0.37, -2.08, 0.33]",8146.994
"[-42.34, -1.48, -9.93]","[0.42, -2.07, 0.45]",8157.044000000001
"[-42.34, -1.06, -9.14]","[0.47, -2.11, 0.55]",8167.0689999999995
"[-42.26, -0.54, -8.89]","[0.48, -2.15, 0.6]",8177.066
"[-42.05, 0.09, -9.44]","[0.44, -2.25, 0.58]",8187.068
"[-41.72, 0.47, -10.5]","[0.41, -2.39, 0.44]",8197.003999999999
"[-41.48, 0.56, -11.64]","[0.34, -2.53, 0.26]",8207.072999999999
"[-41.43, 0.59, -12.82]","[0.28, -2.65, 0.08]",8217.050000000001
"[-41.46, 0.53, -13.79]","[0.23, -2.79, -0.01]",8227.073
"[-41.63, 0.36, -14.09]","[0.21, -2.9, -0.03]",8236.937
"[-41.8, 0.1, -14.0]","[0.22, -3.04, 0.01]",8247.009
"[-42.07, 0.05, -14.11]","[0.26, -3.17, 0.11]",8256.988
"[-42.33, 0.08, -14.2]","[0.31, -3.33, 0.22]",8266.982
"[-42.63, 0.04, -14.23]","[0.37, -3.46, 0.32]",8277.058
"[-43.05, 0.08, -14.53]","[0.38, -3.57, 0.37]",8287.073
"[-43.46, 0.16, -15.24]","[0.37, -3.68, 0.36]",8296.992
"[-43.67, 0.1, -16.01]","[0.35, -3.83, 0.32]",8306.927
"[-43.75, -0.07, -16.7]","[0.33, -4.0, 0.27]",8316.992
"[-43.67, -0.27, -17.37]","[0.33, -4.2, 0.24]",8326.597
"[-43.78, -0.37, -18.05]","[0.34, -4.3, 0.27]",8336.589
"[-43.94, -0.47, -18.4]","[0.36, -4.41, 0.4]",8347.115
"[-44.07, -0.87, -18.39]","[0.43, -4.49, 0.6]",8358.717
"[-44.09, -1.27, -18.17]","[0.49, -4.54, 0.7]",8366.735
"[-44.02, -1.81, -18.17]","[0.5, -4.59, 0.82]",8376.695
"[-43.82, -2.1, -18.56]","[0.54, -4.65, 0.88]",8386.702
"[-43.48, -2.36, -19.13]","[0.53, -4.74, 0.92]",8396.88
"[-43.09, -2.55, -19.88]","[0.53, -4.85, 0.92]",8406.561
"[-42.92, -2.58, -20.81]","[0.53, -4.93, 0.92]",8416.717999999999
"[-42.96, -2.76, -21.39]","[0.54, -4.99, 0.98]",8426.968
"[-43.23, -3.2, -21.22]","[0.6, -5.02, 1.07]",8436.726999999999
"[-43.68, -3.82, -20.52]","[0.66, -4.96, 1.21]",8446.697
"[-44.15, -4.38, -19.66]","[0.7, -4.86, 1.37]",8456.984
"[-44.4, -4.89, -18.85]","[0.75, -4.75, 1.52]",8467.066
"[-44.43, -5.3, -18.29]","[0.82, -4.64, 1.63]",8476.817000000001
"[-44.34, -5.5, -18.09]","[0.87, -4.5, 1.64]",8486.998
"[-44.13, -5.5, -18.32]","[0.86, -4.39, 1.61]",8497.1
"[-43.69, -5.27, -18.82]","[0.86, -4.38, 1.58]",8506.778
"[-43.12, -5.04, -19.15]","[0.87, -4.45, 1.56]",8516.695
"[-42.67, -4.87, -19.28]","[0.87, -4.55, 1.54]",8527.085
"[-42.59, -4.68, -19.38]","[0.88, -4.55, 1.49]",8536.83
"[-42.73, -4.45, -19.32]","[0.86, -4.54, 1.48]",8547.008
"[-42.98, -4.35, -18.99]","[0.86, -4.53, 1.51]",8556.983
"[-43.4, -4.47, -18.48]","[0.88, -4.48, 1.57]",8567.095
"[-43.91, -4.69, -17.91]","[0.92, -4.36, 1.62]",8576.869
"[-44.32, -5.09, -17.36]","[0.93, -4.23, 1.62]",8586.823
"[-44.47, -5.4, -17.01]","[0.95, -4.17, 1.59]",8596.976
"[-44.43, -5.49, -17.07]","[0.93, -4.13, 1.52]",8606.938
"[-44.32, -5.22, -17.32]","[0.89, -4.14, 1.49]",8616.695
"[-44.16, -4.86, -17.68]","[0.9, -4.16, 1.48]",8626.695
"[-43.87, -4.67, -17.84]","[0.94, -4.26, 1.48]",8638.577
"[-43.9, -4.54, -17.73]","[0.99, -4.26, 1.47]",8647.415
"[-44.05, -4.62, -17.4]","[0.97, -4.23, 1.56]",8657.334
"[-44.32, -4.75, -16.91]","[1.04, -4.15, 1.63]",8666.689
"[-44.56, -5.21, -16.04]","[1.06, -4.06, 1.67]",8677.305
"[-44.89, -5.62, -15.45]","[1.03, -3.89, 1.63]",8687.202
"[-45.1, -5.76, -15.44]","[1.01, -3.73, 1.53]",8696.566
"[-44.97, -5.72, -15.54]","[0.96, -3.72, 1.45]",8706.901
"[-44.76, -5.37, -15.76]","[0.94, -3.71, 1.38]",8716.883
"[-44.62, -4.95, -15.81]","[0.9, -3.69, 1.37]",8726.652
"[-44.42, -4.59, -15.56]","[0.9, -3.69, 1.44]",8736.711
"[-44.16, -4.34, -15.17]","[0.97, -3.7, 1.54]",8746.561
"[-43.96, -4.4, -14.51]","[1.0, -3.69, 1.56]",8756.705
"[-44.04, -4.4, -14.16]","[0.95, -3.6, 1.5]",8766.717
"[-44.2, -4.12, -14.49]","[0.88, -3.55, 1.42]",8776.92
"[-44.2, -3.93, -14.88]","[0.85, -3.6, 1.28]",8786.706
"[-44.25, -3.86, -15.31]","[0.79, -3.67, 1.15]",8796.932999999999
"[-44.43, -3.57, -15.95]","[0.76, -3.72, 1.0]",8806.696
"[-44.58, -3.32, -16.42]","[0.72, -3.86, 0.92]",8816.807
"[-44.61, -2.97, -16.56]","[0.71, -4.06, 0.9]",8826.818
"[-44.85, -2.56, -16.59]","[0.71, -4.23, 0.96]",8836.826000000001
"[-45.26, -2.31, -16.61]","[0.72, -4.32, 1.08]",8846.824
"[-45.55, -2.4, -16.44]","[0.78, -4.44, 1.16]",8856.836
"[-45.88, -2.76, -16.45]","[0.82, -4.5, 1.2]",8866.821
"[-46.31, -3.14, -16.79]","[0.82, -4.52, 1.22]",8876.817000000001
"[-46.63, -3.55, -17.25]","[0.79, -4.57, 1.21]",8886.695
"[-46.83, -3.98, -17.76]","[0.79, -4.63, 1.1]",8897.163
"[-47.07, -4.26, -18.24]","[0.72, -4.73, 1.05]",8906.701
"[-47.36, -4.23, -18.92]","[0.72, -4.85, 1.02]",8919.361
"[-47.4, -4.09, -19.14]","[0.73, -5.04, 1.06]",8927.321
"[-47.5, -3.81, -19.39]","[0.77, -5.2, 1.14]",8937.32
"[-47.43, -3.45, -19.49]","[0.79, -5.35, 1.26]",8947.326000000001
"[-47.16, -3.23, -19.74]","[0.82, -5.52, 1.43]",8957.32
"[-46.69, -3.23, -20.14]","[0.9, -5.63, 1.51]",8967.329
"[-46.19, -3.62, -20.46]","[0.9, -5.68, 1.53]",8977.331
"[-45.8, -4.03, -21.23]","[0.84, -5.68, 1.49]",8987.321
"[-45.32, -4.3, -22.39]","[0.82, -5.71, 1.39]",8997.321
"[-44.85, -4.67, -23.22]","[0.75, -5.78, 1.33]",9006.323
"[-44.54, -4.91, -23.78]","[0.72, -5.83, 1.28]",9017.329
"[-44.37, -4.93, -24.15]","[0.72, -5.87, 1.31]",9027.016
"[-44.23, -4.91, -24.05]","[0.78, -5.95, 1.42]",9037.020999999999
"[-44.22, -4.84, -23.61]","[0.85, -6.02, 1.61]",9047.135
"[-44.49, -4.82, -23.02]","[0.94, -5.97, 1.81]",9057.1
"[-44.86, -5.14, -22.26]","[1.0, -5.85, 2.0]",9066.875
"[-45.15, -5.7, -21.44]","[1.07, -5.69, 2.1]",9077.014000000001
"[-45.29, -6.34, -20.94]","[1.11, -5.51, 2.09]",9087.09
"[-45.41, -6.93, -20.81]","[1.08, -5.33, 2.06]",9096.894
"[-45.39, -7.27, -20.96]","[1.08, -5.21, 1.99]",9107.041000000001
"[-45.1, -7.43, -21.31]","[1.06, -5.25, 1.95]",9117.139
"[-44.81, -7.22, -21.86]","[1.08, -5.36, 1.95]",9126.692000000001
"[-44.53, -7.0, -22.26]","[1.09, -5.5, 1.99]",9137.017
"[-44.3, -6.6, -22.51]","[1.15, -5.63, 1.99]",9146.831
"[-44.37, -6.27, -22.62]","[1.14, -5.7, 2.04]",9156.814
"[-44.59, -6.1, -22.49]","[1.15, -5.71, 2.14]",9166.829
"[-44.86, -6.34, -21.99]","[1.19, -5.64, 2.17]",9176.694
"[-45.16, -6.88, -21.51]","[1.18, -5.53, 2.14]",9187.134
"[-45.29, -7.28, -21.45]","[1.15, -5.39, 2.03]",9198.836
"[-45.26, -7.36, -21.69]","[1.12, -5.35, 1.98]",9206.727
"[-44.96, -7.23, -21.93]","[1.11, -5.46, 1.93]",9217.136
"[-44.89, -6.87, -22.46]","[1.11, -5.54, 1.95]",9226.778
"[-45.2, -6.56, -22.66]","[1.18, -5.58, 1.98]",9236.646
"[-45.57, -6.62, -22.29]","[1.19, -5.61, 2.02]",9246.782
"[-46.07, -6.74, -21.68]","[1.24, -5.66, 2.09]",9256.947
"[-46.62, -6.88, -21.06]","[1.27, -5.67, 2.17]",9266.645999999999
"[-47.59, -7.25, -20.18]","[1.28, -5.57, 2.24]",9277.113
"[-48.93, -7.82, -19.19]","[1.32, -5.35, 2.27]",9286.776
"[-50.23, -8.48, -18.29]","[1.32, -5.09, 2.22]",9297.2
"[-51.25, -8.94, -17.52]","[1.29, -4.9, 2.16]",9306.777
"[-51.92, -8.92, -17.0]","[1.26, -4.8, 2.13]",9316.783
"[-51.97, -8.62, -16.47]","[1.25, -4.91, 2.15]",9327.019999999999
"[-52.26, -8.05, -16.17]","[1.3, -5.02, 2.23]",9337.019
"[-52.97, -7.55, -15.77]","[1.37, -5.0, 2.33]",9347.023
"[-53.91, -7.45, -15.05]","[1.39, -4.9, 2.38]",9357.029
"[-54.74, -7.52, -14.23]","[1.4, -4.86, 2.37]",9366.945
"[-55.78, -7.61, -13.67]","[1.37, -4.79, 2.38]",9377.026000000002
"[-56.85, -7.88, -12.96]","[1.34, -4.67, 2.3]",9387.048
"[-57.77, -8.2, -12.44]","[1.26, -4.62, 2.19]",9397.014000000001
"[-58.28, -8.11, -12.69]","[1.25, -4.66, 2.07]",9407.254
"[-58.64, -7.8, -13.22]","[1.23, -4.78, 2.0]",9416.897
"[-59.02, -7.33, -13.5]","[1.24, -4.91, 1.97]",9427.028
"[-59.42, -6.78, -13.72]","[1.25, -5.02, 2.0]",9437.035
"[-59.72, -6.31, -13.87]","[1.27, -5.14, 2.07]",9447.026
"[-59.82, -6.25, -13.57]","[1.3, -5.26, 2.12]",9457.039999999999
"[-59.95, -6.57, -13.21]","[1.3, -5.33, 2.19]",9466.892
"[-60.05, -6.96, -13.14]","[1.34, -5.32, 2.15]",9480.033000000001
"[-60.21, -7.16, -13.43]","[1.3, -5.32, 2.17]",9487.021999999999
"[-60.27, -7.29, -14.14]","[1.31, -5.31, 2.15]",9497.026
"[-60.05, -7.52, -14.73]","[1.29, -5.39, 2.09]",9507.892
"[-59.82, -7.63, -15.54]","[1.24, -5.53, 2.02]",9523.189999999999
"[-59.8, -7.57, -15.67]","[1.24, -5.57, 2.03]",9527.164
"[-59.83, -7.43, -15.71]","[1.26, -5.71, 2.08]",9537.167
"[-59.86, -7.18, -15.55]","[1.28, -5.9, 2.2]",9547.201
"[-60.02, -6.77, -15.73]","[1.32, -6.02, 2.31]",9557.403
"[-60.33, -6.72, -15.78]","[1.35, -6.07, 2.42]",9567.556
"[-60.67, -7.14, -15.47]","[1.37, -6.05, 2.48]",9577.167
"[-60.88, -7.57, -15.39]","[1.38, -6.06, 2.47]",9587.166
"[-61.1, -7.84, -15.95]","[1.33, -6.05, 2.48]",9597.586
"[-61.14, -8.17, -16.35]","[1.31, -6.07, 2.45]",9607.167000000001
"[-60.98, -8.6, -16.56]","[1.27, -6.16, 2.46]",9617.553
"[-60.79, -8.68, -17.12]","[1.31, -6.23, 2.49]",9626.969000000001
"[-60.64, -8.74, -17.53]","[1.32, -6.29, 2.55]",9637.029999999999
"[-60.51, -8.78, -17.52]","[1.35, -6.35, 2.64]",9646.997000000001
"[-60.41, -8.66, -17.51]","[1.4, -6.36, 2.77]",9656.562
"[-60.53, -8.88, -17.17]","[1.44, -6.3, 2.9]",9666.745
"[-60.5, -9.27, -16.46]","[1.48, -6.18, 2.95]",9676.994
"[-60.45, -9.63, -16.14]","[1.5, -6.04, 2.96]",9687.412
"[-60.24, -9.83, -16.13]","[1.51, -5.95, 2.98]",9696.454
"[-59.85, -9.96, -16.24]","[1.52, -5.88, 2.94]",9706.993
"[-59.13, -9.9, -16.74]","[1.5, -5.9, 2.85]",9716.563
"[-58.37, -9.47, -17.69]","[1.47, -5.95, 2.79]",9726.541
"[-57.53, -9.07, -18.46]","[1.46, -6.09, 2.77]",9736.685
"[-56.72, -8.76, -19.01]","[1.49, -6.29, 2.78]",9746.899000000001
"[-56.25, -8.48, -19.61]","[1.53, -6.41, 2.8]",9759.526
"[-56.27, -8.47, -19.67]","[1.53, -6.4, 2.78]",9766.962
"[-56.56, -8.8, -19.47]","[1.47, -6.33, 2.77]",9777.085
"[-56.89, -9.1, -19.16]","[1.49, -6.23, 2.74]",9786.685
"[-57.21, -9.51, -18.81]","[1.45, -6.16, 2.75]",9796.903
"[-57.27, -9.76, -18.73]","[1.45, -6.11, 2.7]",9807.2
"[-57.07, -9.79, -18.98]","[1.46, -6.15, 2.68]",9816.595
"[-56.72, -9.56, -19.4]","[1.47, -6.24, 2.7]",9826.686
"[-56.34, -9.24, -19.89]","[1.51, -6.33, 2.7]",9836.926
"[-56.03, -8.92, -20.31]","[1.5, -6.41, 2.76]",9846.526000000002
"[-55.8, -8.77, -20.53]","[1.56, -6.48, 2.8]",9857.300000000001
"[-55.74, -9.03, -20.41]","[1.6, -6.46, 2.78]",9866.895
"[-55.88, -9.49, -19.97]","[1.59, -6.37, 2.76]",9877.088
"[-56.14, -9.78, -19.77]","[1.58, -6.23, 2.75]",9886.903
"[-56.22, -10.12, -19.44]","[1.59, -6.15, 2.76]",9896.559
"[-56.3, -10.43, -18.86]","[1.61, -6.03, 2.78]",9906.827
"[-56.33, -10.52, -18.54]","[1.64, -5.9, 2.77]",9917.081
"[-56.11, -10.4, -18.52]","[1.64, -5.86, 2.77]",9927.092
"[-55.87, -10.1, -18.34]","[1.66, -5.83, 2.8]",9937.099
"[-55.55, -9.91, -18.02]","[1.66, -5.85, 2.86]",9947.096
"[-55.19, -9.6, -17.96]","[1.7, -5.86, 2.89]",9957.096
"[-54.78, -9.42, -18.08]","[1.72, -5.82, 2.85]",9967.032
"[-54.41, -9.39, -18.14]","[1.69, -5.77, 2.77]",9977.093
"[-54.07, -9.37, -18.3]","[1.66, -5.72, 2.73]",9987.089
"[-53.74, -9.39, -18.53]","[1.65, -5.68, 2.68]",9997.1
"[-53.31, -9.45, -18.69]","[1.62, -5.67, 2.57]",10006.992
"[-52.9, -9.3, -19.11]","[1.58, -5.72, 2.48]",10017.096
"[-52.41, -8.95, -19.66]","[1.56, -5.87, 2.43]",10026.992999999999
"[-52.13, -8.52, -20.08]","[1.58, -6.05, 2.43]",10039.123
"[-52.15, -8.23, -20.27]","[1.57, -6.12, 2.46]",10047.093
"[-52.23, -7.95, -20.45]","[1.6, -6.19, 2.49]",10057.074
"[-52.38, -8.04, -20.43]","[1.63, -6.24, 2.52]",10066.963
"[-52.62, -8.49, -20.09]","[1.64, -6.23, 2.57]",10077.095
"[-52.87, -9.01, -19.72]","[1.65, -6.15, 2.56]",10087.096000000001
"[-52.97, -9.35, -19.73]","[1.61, -6.14, 2.58]",10097.521999999999
"[-52.91, -9.53, -20.17]","[1.61, -6.16, 2.6]",10107.096
"[-52.62, -9.62, -20.42]","[1.63, -6.25, 2.59]",10116.971
"[-52.38, -9.58, -20.91]","[1.61, -6.35, 2.61]",10127.067000000001
"[-52.29, -9.33, -21.41]","[1.63, -6.41, 2.68]",10137.098
"[-52.11, -9.28, -21.37]","[1.67, -6.52, 2.74]",10147.097
"[-51.91, -9.24, -21.25]","[1.67, -6.65, 2.81]",10157.089
"[-51.98, -9.11, -21.46]","[1.68, -6.69, 2.88]",10166.999
"[-52.14, -9.3, -21.37]","[1.68, -6.7, 2.93]",10177.09
"[-52.2, -9.68, -21.33]","[1.68, -6.75, 2.95]",10187.09
"[-52.15, -9.75, -22.0]","[1.67, -6.8, 2.97]",10197.104
"[-52.01, -9.84, -22.71]","[1.63, -6.84, 2.97]",10207.093
"[-51.72, -10.1, -23.12]","[1.61, -6.89, 2.94]",10217.961000000001
"[-51.33, -10.22, -23.6]","[1.6, -6.97, 2.92]",10227.094
"[-50.96, -10.14, -24.1]","[1.59, -7.03, 2.95]",10237.096
"[-50.65, -10.16, -24.29]","[1.58, -7.09, 3.0]",10247.073
"[-50.45, -10.16, -24.14]","[1.63, -7.1, 3.1]",10257.092
"[-50.48, -10.32, -23.9]","[1.66, -7.02, 3.21]",10266.982
"[-50.43, -10.6, -23.38]","[1.7, -6.92, 3.28]",10277.096
"[-50.38, -10.91, -23.07]","[1.74, -6.82, 3.31]",10287.091999999999
"[-50.32, -11.09, -23.01]","[1.74, -6.71, 3.3]",10297.100999999999
"[-50.05, -11.29, -23.07]","[1.69, -6.7, 3.29]",10307.216999999999
"[-49.63, -11.08, -23.84]","[1.71, -6.73, 3.23]",10319.089999999998
"[-49.24, -10.92, -24.42]","[1.71, -6.8, 3.19]",10327.094000000001
"[-48.76, -10.73, -24.91]","[1.68, -6.9, 3.15]",10337.105
"[-48.36, -10.42, -25.54]","[1.7, -6.99, 3.12]",10347.089
"[-47.95, -10.16, -25.95]","[1.71, -7.06, 3.1]",10357.318
"[-47.64, -10.09, -25.96]","[1.7, -7.1, 3.06]",10367.062
"[-47.41, -10.0, -26.15]","[1.67, -7.07, 3.03]",10377.103
"[-46.96, -9.99, -26.33]","[1.67, -7.06, 3.0]",10387.094
"[-46.4, -10.14, -26.42]","[1.65, -7.09, 2.97]",10397.093
"[-45.88, -10.07, -26.84]","[1.66, -7.06, 2.93]",10407.096
"[-45.28, -9.93, -27.42]","[1.63, -7.08, 2.87]",10417.303
"[-44.71, -9.72, -27.96]","[1.62, -7.1, 2.83]",10427.222
"[-44.25, -9.65, -28.17]","[1.61, -7.09, 2.8]",10437.652999999998
"[-43.91, -9.67, -28.09]","[1.63, -7.09, 2.81]",10447.093
"[-43.73, -9.76, -27.86]","[1.66, -7.07, 2.86]",10457.095000000001
"[-43.75, -9.96, -27.4]","[1.74, -6.99, 2.88]",10467.088
"[-43.98, -10.35, -26.77]","[1.73, -6.86, 2.93]",10477.077
"[-44.27, -10.53, -26.19]","[1.76, -6.73, 2.96]",10487.097
"[-44.56, -10.75, -25.74]","[1.79, -6.6, 3.01]",10497.090999999999
"[-44.92, -11.1, -25.07]","[1.84, -6.42, 3.03]",10507.094000000001
"[-45.17, -11.43, -24.31]","[1.84, -6.29, 3.04]",10517.094000000001
"[-45.4, -11.43, -23.95]","[1.86, -6.15, 3.04]",10527.099
"[-45.47, -11.38, -23.48]","[1.85, -6.07, 3.07]",10537.071
"[-45.36, -11.33, -22.85]","[1.86, -6.03, 3.11]",10547.108
"[-45.2, -11.06, -22.72]","[1.9, -5.98, 3.11]",10557.094
"[-44.95, -10.93, -22.61]","[1.91, -5.94, 3.13]",10567.087000000001
"[-44.68, -10.9, -22.36]","[1.94, -5.86, 3.12]",10577.105
"[-44.48, -10.85, -22.34]","[1.93, -5.8, 3.1]",10587.114
"[-44.41, -10.8, -22.28]","[1.91, -5.71, 3.07]",10599.064999999999
"[-44.36, -10.88, -22.14]","[1.89, -5.68, 3.05]",10607.113
"[-44.21, -10.91, -22.14]","[1.89, -5.7, 2.97]",10617.127999999999
"[-44.07, -10.82, -22.31]","[1.86, -5.76, 2.89]",10627.098
"[-44.05, -10.55, -22.61]","[1.83, -5.8, 2.87]",10637.104000000001
"[-44.09, -10.3, -22.71]","[1.84, -5.85, 2.87]",10647.108
"[-44.08, -10.12, -22.61]","[1.87, -5.91, 2.87]",10656.953
"[-44.19, -10.02, -22.59]","[1.86, -5.92, 2.9]",10667.094000000001
"[-44.31, -10.1, -22.37]","[1.87, -5.91, 2.92]",10677.108
"[-44.31, -10.39, -21.94]","[1.87, -5.95, 2.94]",10687.101
"[-44.31, -10.5, -21.95]","[1.86, -6.0, 2.96]",10697.094
"[-44.29, -10.47, -22.42]","[1.85, -6.02, 2.95]",10707.096
"[-44.25, -10.43, -22.87]","[1.83, -6.08, 2.94]",10717.074
"[-44.15, -10.4, -23.32]","[1.85, -6.16, 2.92]",10727.064
"[-44.03, -10.34, -23.75]","[1.82, -6.28, 2.92]",10737.1
"[-44.02, -10.22, -24.03]","[1.83, -6.37, 2.94]",10747.099
"[-43.93, -10.24, -23.96]","[1.83, -6.48, 2.93]",10757.096000000001
"[-44.01, -10.11, -24.0]","[1.82, -6.59, 2.95]",10767.087
"[-44.27, -9.89, -24.3]","[1.8, -6.65, 3.02]",10777.103000000001
"[-44.44, -9.9, -24.38]","[1.83, -6.77, 3.06]",10787.094
"[-44.54, -9.94, -24.73]","[1.82, -6.89, 3.07]",10797.094
"[-44.67, -9.85, -25.48]","[1.81, -6.97, 3.09]",10807.098999999998
"[-44.69, -9.99, -25.9]","[1.77, -7.08, 3.09]",10817.094000000001
"[-44.66, -10.18, -26.28]","[1.76, -7.17, 3.08]",10827.096
"[-44.71, -10.32, -26.69]","[1.72, -7.23, 3.08]",10837.1
"[-44.7, -10.42, -26.99]","[1.7, -7.29, 3.08]",10847.076
"[-44.66, -10.5, -27.24]","[1.71, -7.33, 3.08]",10857.099
"[-44.64, -10.51, -27.4]","[1.71, -7.38, 3.12]",10867.095000000001
"[-44.68, -10.49, -27.43]","[1.72, -7.4, 3.19]",10877.096
"[-44.78, -10.56, -27.29]","[1.76, -7.36, 3.25]",10887.1
"[-44.92, -10.78, -26.87]","[1.78, -7.3, 3.29]",10897.067
"[-44.95, -10.99, -26.65]","[1.78, -7.25, 3.31]",10906.955
"[-44.91, -11.0, -26.88]","[1.78, -7.25, 3.3]",10919.949
"[-44.79, -10.9, -27.21]","[1.78, -7.32, 3.28]",10927.292
"[-44.74, -10.81, -27.68]","[1.78, -7.37, 3.26]",10936.235999999999
"[-44.79, -10.65, -28.22]","[1.79, -7.45, 3.22]",10947.238000000001
"[-44.96, -10.54, -28.68]","[1.8, -7.53, 3.2]",10956.276000000002
"[-45.24, -10.56, -28.83]","[1.79, -7.61, 3.2]",10967.238
"[-45.54, -10.69, -28.75]","[1.81, -7.66, 3.2]",10981.327000000001
"[-45.61, -10.95, -28.68]","[1.77, -7.73, 3.22]",10987.238
"[-45.58, -11.02, -28.83]","[1.82, -7.76, 3.23]",10997.235999999999
"[-45.43, -11.21, -29.15]","[1.8, -7.79, 3.23]",11006.238
"[-45.18, -11.2, -29.67]","[1.83, -7.84, 3.22]",11017.238000000001
"[-44.77, -11.15, -30.48]","[1.83, -7.89, 3.2]",11026.231
"[-44.23, -11.15, -31.13]","[1.81, -7.99, 3.17]",11036.228
"[-43.71, -11.19, -31.58]","[1.81, -8.08, 3.14]",11047.238
"[-43.34, -11.26, -31.93]","[1.82, -8.18, 3.15]",11057.226999999999
"[-43.15, -11.34, -32.03]","[1.87, -8.22, 3.23]",11066.26
"[-43.26, -11.7, -31.79]","[1.92, -8.18, 3.29]",11076.261
"[-43.52, -12.07, -31.34]","[1.97, -8.1, 3.31]",11086.259
"[-43.93, -12.32, -31.14]","[1.98, -7.97, 3.39]",11097.401
"[-44.3, -12.63, -30.58]","[2.05, -7.86, 3.43]",11106.26
"[-44.88, -13.14, -29.53]","[2.05, -7.76, 3.52]",11117.248
"[-45.87, -13.44, -28.57]","[2.13, -7.57, 3.61]",11127.233
"[-46.99, -13.83, -27.54]","[2.15, -7.37, 3.69]",11136.226
"[-48.15, -14.2, -26.04]","[2.19, -7.19, 3.77]",11148.228
"[-49.25, -14.47, -24.82]","[2.22, -7.01, 3.87]",11156.230000000001
"[-50.03, -14.58, -23.87]","[2.26, -6.85, 3.91]",11166.246
"[-50.21, -14.71, -23.17]","[2.25, -6.76, 3.96]",11176.857
"[-49.83, -14.57, -23.15]","[2.3, -6.64, 3.92]",11187.165
"[-48.81, -14.41, -23.38]","[2.28, -6.63, 3.92]",11196.949
"[-47.41, -14.19, -23.99]","[2.28, -6.64, 3.86]",11206.901
"[-46.02, -13.81, -24.83]","[2.29, -6.71, 3.78]",11217.949
"[-45.09, -13.41, -25.64]","[2.29, -6.7, 3.73]",11227.053
"[-44.29, -13.33, -26.01]","[2.24, -6.76, 3.64]",11237.081999999999
"[-43.9, -13.22, -26.08]","[2.26, -6.79, 3.56]",11246.732
"[-43.99, -13.18, -25.97]","[2.2, -6.77, 3.56]",11256.951000000001
"[-44.13, -13.12, -25.6]","[2.23, -6.78, 3.58]",11267.068
"[-44.41, -13.16, -25.23]","[2.23, -6.76, 3.62]",11277.256
"[-44.64, -13.16, -24.94]","[2.25, -6.8, 3.66]",11286.859
"[-44.82, -13.13, -25.02]","[2.25, -6.79, 3.68]",11296.731
"[-44.83, -13.14, -25.18]","[2.25, -6.86, 3.68]",11306.858
"[-44.72, -13.07, -25.58]","[2.23, -6.94, 3.66]",11316.864000000001
"[-44.42, -12.97, -26.16]","[2.22, -7.07, 3.65]",11326.741
"[-44.17, -12.87, -26.71]","[2.21, -7.17, 3.62]",11336.878
"[-43.89, -12.83, -27.13]","[2.2, -7.26, 3.62]",11347.064
"[-43.79, -12.83, -27.32]","[2.2, -7.33, 3.61]",11356.87
"[-43.79, -12.78, -27.39]","[2.21, -7.4, 3.61]",11366.868
"[-43.99, -12.63, -27.49]","[2.2, -7.46, 3.62]",11376.864
"[-44.26, -12.54, -27.53]","[2.18, -7.53, 3.66]",11387.107
"[-44.36, -12.55, -27.49]","[2.17, -7.67, 3.71]",11397.145
"[-44.55, -12.42, -27.82]","[2.2, -7.79, 3.76]",11406.885
"[-44.75, -12.39, -28.37]","[2.18, -7.9, 3.79]",11416.861
"[-44.89, -12.48, -28.81]","[2.16, -7.99, 3.8]",11428.864000000001
"[-44.99, -12.7, -29.21]","[2.14, -8.06, 3.8]",11436.891
"[-45.05, -12.89, -29.6]","[2.12, -8.08, 3.79]",11446.868999999999
"[-45.03, -13.21, -29.84]","[2.06, -8.13, 3.74]",11457.044
"[-44.99, -13.26, -30.05]","[2.07, -8.17, 3.7]",11466.866
"[-45.03, -13.15, -30.36]","[2.04, -8.21, 3.77]",11476.863
"[-45.04, -13.07, -30.36]","[2.09, -8.25, 3.84]",11487.185
"[-45.1, -13.01, -30.16]","[2.13, -8.27, 3.9]",11497.075
"[-45.27, -13.0, -30.16]","[2.14, -8.27, 3.97]",11506.880000000001
"[-45.29, -13.09, -30.15]","[2.16, -8.28, 4.01]",11525.067
"[-45.16, -13.3, -30.13]","[2.17, -8.31, 3.95]",11527.07
"[-45.06, -13.32, -30.64]","[2.13, -8.34, 3.93]",11537.076000000001
"[-45.03, -13.25, -31.3]","[2.12, -8.37, 3.86]",11546.97
"[-44.87, -13.36, -31.79]","[2.1, -8.47, 3.81]",11556.97
"[-44.81, -13.29, -32.41]","[2.14, -8.53, 3.77]",11567.078
"[-44.72, -13.43, -32.77]","[2.1, -8.62, 3.82]",11577.074
"[-44.58, -13.46, -32.69]","[2.18, -8.71, 3.81]",11587.073999999999
"[-44.56, -13.61, -32.83]","[2.16, -8.76, 3.86]",11597.077000000001
"[-44.49, -13.54, -33.02]","[2.2, -8.82, 3.88]",11607.07
"[-44.46, -13.65, -33.28]","[2.18, -8.85, 3.9]",11617.063
"[-44.31, -13.72, -33.63]","[2.21, -8.91, 3.89]",11627.273000000001
"[-44.19, -13.77, -34.16]","[2.2, -8.98, 3.87]",11637.266
"[-44.05, -13.83, -34.58]","[2.21, -9.02, 3.85]",11647.261
"[-43.88, -14.01, -34.87]","[2.2, -9.1, 3.88]",11657.318
"[-43.82, -14.19, -35.02]","[2.27, -9.15, 3.96]",11667.266
"[-43.8, -14.68, -34.86]","[2.3, -9.16, 4.03]",11677.265
"[-44.13, -15.1, -34.36]","[2.38, -9.08, 4.08]",11687.279
"[-44.74, -15.49, -33.99]","[2.41, -8.87, 4.15]",11697.292
"[-45.14, -15.99, -33.22]","[2.4, -8.78, 4.21]",11709.383000000002
"[-45.63, -16.24, -32.42]","[2.47, -8.64, 4.27]",11717.26
"[-46.04, -16.5, -31.81]","[2.48, -8.48, 4.34]",11727.263
"[-46.19, -16.67, -31.15]","[2.53, -8.45, 4.46]",11737.265000000001
"[-46.2, -16.85, -30.59]","[2.6, -8.36, 4.53]",11747.265000000001
"[-46.1, -16.81, -30.14]","[2.67, -8.25, 4.53]",11757.482
"[-45.94, -16.7, -30.2]","[2.58, -8.09, 4.55]",11767.262999999999
"[-45.57, -16.51, -29.97]","[2.63, -7.91, 4.51]",11777.355
"[-44.89, -16.87, -29.32]","[2.57, -7.79, 4.47]",11787.262
"[-44.17, -16.82, -28.99]","[2.58, -7.69, 4.37]",11797.256000000001
"[-43.67, -16.52, -29.16]","[2.53, -7.56, 4.41]",11807.252
"[-43.01, -16.31, -28.86]","[2.59, -7.55, 4.44]",11817.263
"[-42.38, -16.26, -28.59]","[2.62, -7.54, 4.4]",11826.813
"[-42.09, -15.9, -28.73]","[2.59, -7.46, 4.39]",11836.814
"[-41.94, -15.66, -28.76]","[2.56, -7.34, 4.35]",11846.811000000002
"[-41.54, -15.75, -28.23]","[2.58, -7.35, 4.22]",11856.98
"[-41.48, -15.63, -28.13]","[2.53, -7.31, 4.2]",11866.81
"[-41.61, -15.45, -28.18]","[2.51, -7.23, 4.21]",11877.229
"[-41.62, -15.52, -27.72]","[2.55, -7.21, 4.17]",11886.818
"[-41.73, -15.51, -27.45]","[2.56, -7.22, 4.18]",11896.991999999998
"[-42.03, -15.26, -27.53]","[2.56, -7.21, 4.24]",11906.693000000001
"[-42.24, -15.2, -27.24]","[2.57, -7.2, 4.27]",11917.047999999999
"[-42.42, -15.28, -26.92]","[2.59, -7.22, 4.26]",11926.961000000001
"[-42.6, -15.28, -26.88]","[2.56, -7.21, 4.29]",11937.093
"[-42.55, -15.29, -26.8]","[2.57, -7.2, 4.27]",11946.993
"[-42.46, -15.35, -26.76]","[2.56, -7.16, 4.22]",11957.146
"[-42.31, -15.19, -26.71]","[2.53, -7.13, 4.2]",11966.996
"[-42.18, -15.02, -26.6]","[2.51, -7.11, 4.21]",11977.096
"[-42.14, -14.84, -26.44]","[2.55, -7.09, 4.23]",11989.309000000001
"[-42.28, -14.79, -26.11]","[2.55, -7.11, 4.3]",11997.103
"[-42.68, -14.78, -25.63]","[2.56, -7.11, 4.39]",12007.11
"[-43.17, -14.83, -25.31]","[2.59, -7.17, 4.48]",12017.105000000001
"[-43.72, -14.91, -25.27]","[2.58, -7.26, 4.55]",12027.103000000001
"[-44.51, -15.09, -25.43]","[2.57, -7.27, 4.6]",12036.994999999999
"[-45.29, -15.49, -25.47]","[2.55, -7.25, 4.59]",12047.102
"[-45.92, -15.9, -25.7]","[2.54, -7.26, 4.55]",12057.103
"[-46.38, -16.1, -26.07]","[2.5, -7.29, 4.53]",12066.948999999999
"[-46.55, -16.24, -26.2]","[2.48, -7.39, 4.53]",12077.1
"[-46.58, -16.28, -26.34]","[2.5, -7.51, 4.56]",12087.103000000001
"[-46.67, -16.17, -26.6]","[2.52, -7.59, 4.64]",12097.086
"[-46.69, -16.07, -26.63]","[2.56, -7.66, 4.72]",12106.998000000001
"[-46.7, -16.02, -26.72]","[2.6, -7.71, 4.78]",12117.099
"[-46.71, -16.03, -26.9]","[2.61, -7.73, 4.81]",12127.101
"[-46.61, -16.23, -27.11]","[2.6, -7.75, 4.82]",12137.105
"[-46.52, -16.44, -27.45]","[2.61, -7.73, 4.76]",12147.099
"[-46.49, -16.63, -27.71]","[2.59, -7.69, 4.69]",12157.099
"[-46.42, -16.84, -27.82]","[2.58, -7.62, 4.64]",12167.108
"[-46.27, -17.0, -27.87]","[2.58, -7.6, 4.63]",12177.099999999999
"[-46.11, -16.96, -27.8]","[2.61, -7.61, 4.68]",12187.099
"[-45.95, -16.96, -27.65]","[2.64, -7.63, 4.77]",12197.107
"[-45.79, -17.1, -27.41]","[2.7, -7.63, 4.86]",12207.105
"[-45.71, -17.23, -27.2]","[2.73, -7.62, 4.93]",12217.102
"[-45.77, -17.36, -27.16]","[2.78, -7.56, 4.98]",12227.117
"[-45.87, -17.66, -27.04]","[2.81, -7.44, 5.0]",12236.957
"[-45.95, -18.05, -26.76]","[2.83, -7.29, 4.99]",12247.107
"[-46.02, -18.51, -26.44]","[2.85, -7.13, 4.96]",12257.115
"[-45.97, -18.85, -26.05]","[2.86, -7.02, 4.95]",12269.100999999999
"[-45.84, -19.06, -25.63]","[2.87, -6.96, 5.0]",12277.110999999999
"[-45.71, -19.09, -25.23]","[2.92, -6.91, 5.09]",12287.108
"[-45.56, -19.05, -24.82]","[2.98, -6.88, 5.21]",12297.11
"[-45.55, -19.06, -24.41]","[3.05, -6.83, 5.33]",12307.105
"[-45.54, -19.22, -24.03]","[3.1, -6.74, 5.41]",12317.103
"[-45.63, -19.48, -23.59]","[3.14, -6.6, 5.45]",12327.203000000001
"[-45.77, -19.93, -23.11]","[3.14, -6.43, 5.47]",12337.1
"[-45.91, -20.35, -22.66]","[3.15, -6.25, 5.45]",12347.099999999999
"[-45.99, -20.7, -22.26]","[3.16, -6.07, 5.42]",12357.103000000001
"[-46.04, -20.86, -21.82]","[3.15, -5.94, 5.42]",12367.099
"[-46.06, -20.86, -21.4]","[3.16, -5.86, 5.47]",12377.102
"[-45.96, -20.74, -20.91]","[3.19, -5.81, 5.54]",12387.107
"[-45.8, -20.64, -20.4]","[3.22, -5.79, 5.62]",12397.099
"[-45.75, -20.56, -19.99]","[3.25, -5.75, 5.68]",12407.104000000001
"[-45.67, -20.53, -19.69]","[3.26, -5.72, 5.71]",12417.106
"[-45.79, -20.51, -19.55]","[3.29, -5.65, 5.7]",12427.107
"[-45.93, -20.68, -19.54]","[3.27, -5.56, 5.67]",12437.103000000001
"[-46.12, -20.8, -19.51]","[3.26, -5.47, 5.6]",12447.106
"[-46.29, -20.98, -19.34]","[3.24, -5.41, 5.53]",12457.106
"[-46.49, -21.0, -19.21]","[3.22, -5.41, 5.5]",12467.103
"[-46.57, -20.87, -19.06]","[3.21, -5.46, 5.51]",12477.145
"[-46.61, -20.67, -18.82]","[3.23, -5.57, 5.58]",12487.098
"[-46.69, -20.36, -18.76]","[3.28, -5.65, 5.66]",12497.112
"[-46.73, -20.14, -18.92]","[3.29, -5.74, 5.68]",12506.993
"[-47.03, -20.08, -18.89]","[3.29, -5.75, 5.69]",12517.106
"[-47.25, -20.12, -18.93]","[3.27, -5.74, 5.67]",12527.105000000001
"[-47.22, -20.22, -19.27]","[3.21, -5.83, 5.61]",12537.321
"[-47.17, -20.18, -19.67]","[3.2, -5.91, 5.53]",12549.099
"[-47.07, -20.14, -20.23]","[3.13, -6.05, 5.45]",12557.106
"[-47.15, -19.76, -20.81]","[3.14, -6.13, 5.42]",12567.106000000002
"[-47.12, -19.49, -21.18]","[3.11, -6.33, 5.47]",12577.104000000001
"[-47.12, -19.04, -21.62]","[3.15, -6.49, 5.49]",12587.101999999999
"[-47.14, -18.79, -21.91]","[3.12, -6.65, 5.52]",12598.038
"[-47.17, -18.75, -22.04]","[3.09, -6.79, 5.54]",12607.623
"[-47.19, -18.73, -22.47]","[3.09, -6.95, 5.53]",12617.1
"[-47.13, -18.64, -23.32]","[3.04, -7.13, 5.53]",12627.106
"[-47.16, -18.6, -24.38]","[3.01, -7.24, 5.47]",12637.098
"[-47.15, -18.77, -25.03]","[2.93, -7.38, 5.42]",12647.044
"[-47.07, -18.72, -26.08]","[2.92, -7.53, 5.41]",12657.296
"[-46.82, -18.81, -26.85]","[2.9, -7.71, 5.4]",12667.086
"[-46.81, -18.99, -26.96]","[2.9, -7.84, 5.45]",12677.084
"[-46.72, -19.0, -27.44]","[2.91, -7.94, 5.4]",12686.970000000001
"[-46.81, -18.84, -27.98]","[2.86, -8.05, 5.49]",12697.960000000001
"[-46.92, -18.68, -28.21]","[2.93, -8.12, 5.58]",12707.144
"[-46.94, -18.86, -28.42]","[2.94, -8.18, 5.62]",12717.099
"[-47.04, -19.03, -28.54]","[2.99, -8.19, 5.63]",12727.107
"[-47.22, -19.29, -28.83]","[2.96, -8.14, 5.6]",12737.098
"[-47.3, -19.43, -28.97]","[2.96, -8.12, 5.57]",12746.964
"[-47.36, -19.73, -28.79]","[2.92, -8.16, 5.65]",12757.106
"[-47.33, -19.84, -28.91]","[3.01, -8.18, 5.64]",12767.098
"[-47.22, -20.09, -29.04]","[3.01, -8.18, 5.63]",12777.101
"[-47.31, -20.21, -29.01]","[3.04, -8.16, 5.69]",12787.102
"[-47.2, -20.38, -28.96]","[3.09, -8.19, 5.78]",12797.613
"[-47.15, -20.62, -28.84]","[3.12, -8.2, 5.86]",12807.11
"[-47.16, -20.94, -28.66]","[3.16, -8.14, 5.91]",12817.103
"[-47.23, -21.31, -28.55]","[3.19, -8.03, 5.89]",12829.442000000001
"[-47.18, -21.77, -28.36]","[3.19, -7.99, 5.9]",12837.327
"[-47.22, -21.99, -28.25]","[3.21, -7.95, 5.97]",12847.635
"[-47.17, -22.14, -28.21]","[3.26, -7.91, 6.05]",12856.356
"[-47.04, -22.39, -28.04]","[3.31, -7.88, 6.07]",12867.45
"[-47.02, -22.57, -27.82]","[3.36, -7.79, 6.08]",12877.328
"[-46.95, -22.75, -27.64]","[3.36, -7.72, 6.14]",12887.340999999999
"[-46.94, -22.83, -27.16]","[3.42, -7.58, 6.18]",12897.432
"[-46.93, -23.14, -26.24]","[3.41, -7.48, 6.27]",12907.327000000001
"[-46.94, -23.26, -25.67]","[3.47, -7.3, 6.34]",12917.329
"[-46.85, -23.52, -25.09]","[3.52, -7.15, 6.38]",12927.327
"[-46.66, -23.82, -24.42]","[3.51, -7.03, 6.43]",12937.327
"[-46.49, -23.91, -24.16]","[3.54, -6.87, 6.48]",12947.324
"[-46.19, -23.99, -23.83]","[3.57, -6.76, 6.48]",12957.562
"[-45.91, -23.95, -23.59]","[3.58, -6.63, 6.43]",12967.518
"[-45.76, -23.91, -23.46]","[3.54, -6.47, 6.41]",12977.642
"[-45.62, -23.9, -22.97]","[3.57, -6.36, 6.44]",12987.45
"[-45.57, -24.12, -22.14]","[3.58, -6.25, 6.5]",12997.664999999999
"[-45.46, -24.15, -21.48]","[3.63, -6.17, 6.53]",13007.194
"[-45.5, -24.1, -21.19]","[3.62, -6.05, 6.58]",13017.466
"[-45.38, -24.15, -20.82]","[3.64, -6.02, 6.54]",13027.174
"[-45.4, -23.93, -20.95]","[3.61, -5.98, 6.53]",13037.452
"[-45.42, -23.71, -21.14]","[3.6, -5.93, 6.51]",13047.625999999998
"[-45.37, -23.77, -20.91]","[3.62, -5.93, 6.46]",13057.452
"[-45.21, -23.82, -20.99]","[3.59, -6.0, 6.43]",13066.594000000001
"[-45.02, -23.55, -21.47]","[3.59, -6.12, 6.38]",13076.561
"[-44.89, -23.33, -21.87]","[3.56, -6.22, 6.35]",13087.247
"[-45.01, -23.18, -21.98]","[3.55, -6.25, 6.31]",13097.822
"[-45.07, -23.03, -22.14]","[3.52, -6.31, 6.29]",13108.93
"[-45.17, -22.73, -22.34]","[3.54, -6.31, 6.22]",13116.823999999999
"[-45.29, -22.61, -22.18]","[3.46, -6.34, 6.21]",13127.020999999999
"[-45.22, -22.44, -22.11]","[3.43, -6.43, 6.23]",13137.022
"[-44.92, -22.17, -22.16]","[3.46, -6.59, 6.23]",13147.164999999999
"[-44.81, -21.92, -22.49]","[3.41, -6.72, 6.26]",13157.021
"[-44.7, -21.6, -23.13]","[3.43, -6.78, 6.22]",13167.019
"[-44.52, -21.46, -23.68]","[3.39, -6.88, 6.13]",13177.028999999999
"[-44.43, -21.19, -24.36]","[3.35, -6.95, 6.05]",13187.034000000001
"[-44.36, -21.04, -24.92]","[3.28, -7.05, 6.0]",13196.947
"[-44.26, -21.04, -25.14]","[3.24, -7.2, 5.99]",13207.027
"[-44.1, -21.02, -25.52]","[3.23, -7.41, 5.98]",13217.029
"[-44.07, -20.81, -26.22]","[3.21, -7.59, 5.99]",13227.355
"[-44.16, -20.6, -26.88]","[3.19, -7.74, 6.01]",13237.019
"[-44.41, -20.37, -27.44]","[3.2, -7.84, 6.08]",13246.948
"[-44.6, -20.38, -27.77]","[3.2, -7.94, 6.18]",13257.899
"[-44.51, -20.7, -28.11]","[3.2, -8.09, 6.1]",13267.018
"[-44.64, -20.96, -28.63]","[3.15, -8.15, 6.06]",13277.024000000001
"[-44.61, -21.17, -29.06]","[3.08, -8.27, 5.99]",13287.018
"[-44.69, -21.0, -29.94]","[3.08, -8.37, 5.97]",13296.95
"[-44.85, -20.81, -30.57]","[3.06, -8.46, 6.07]",13307.031
"[-44.88, -20.88, -30.88]","[3.09, -8.53, 6.11]",13317.014000000001
"[-44.81, -21.07, -31.14]","[3.14, -8.6, 6.11]",13327.439999999999
"[-44.8, -21.08, -31.38]","[3.13, -8.68, 6.16]",13337.02
"[-44.82, -21.13, -31.53]","[3.13, -8.74, 6.26]",13346.953
"[-44.75, -21.5, -31.38]","[3.17, -8.79, 6.32]",13357.028
"[-44.8, -21.83, -31.5]","[3.23, -8.76, 6.32]",13367.029
"[-44.85, -22.2, -31.88]","[3.21, -8.71, 6.29]",13377.019
"[-44.97, -22.57, -32.06]","[3.26, -8.58, 6.28]",13389.026
"[-44.88, -23.14, -31.68]","[3.27, -8.54, 6.33]",13396.951
"[-44.51, -23.44, -31.52]","[3.29, -8.59, 6.42]",13407.026
"[-44.26, -23.48, -31.7]","[3.37, -8.55, 6.47]",13417.018
"[-43.95, -23.86, -31.35]","[3.38, -8.56, 6.54]",13427.197
"[-43.97, -23.91, -31.1]","[3.47, -8.47, 6.66]",13437.233
"[-43.83, -23.99, -31.18]","[3.5, -8.46, 6.8]",13447.588
"[-43.5, -24.23, -31.2]","[3.56, -8.48, 6.84]",13457.194
"[-43.35, -24.58, -31.14]","[3.6, -8.43, 6.84]",13467.2
"[-43.44, -24.99, -31.03]","[3.61, -8.3, 6.77]",13477.195
"[-43.86, -25.35, -30.58]","[3.6, -8.12, 6.74]",13487.226
"[-44.3, -25.66, -29.88]","[3.58, -8.0, 6.8]",13497.194
"[-44.61, -25.82, -29.24]","[3.63, -7.91, 6.88]",13507.099
"[-44.84, -26.01, -28.37]","[3.68, -7.84, 6.99]",13517.064
"[-45.25, -26.18, -27.11]","[3.77, -7.65, 7.17]",13534.581
"[-45.28, -26.24, -26.88]","[3.78, -7.62, 7.19]",13537.372
"[-45.22, -26.24, -26.41]","[3.8, -7.54, 7.24]",13547.373
"[-45.19, -26.09, -26.4]","[3.82, -7.38, 7.24]",13557.375
"[-45.06, -26.28, -26.14]","[3.8, -7.21, 7.22]",13567.385
"[-44.81, -26.65, -25.63]","[3.82, -7.06, 7.14]",13577.396
"[-44.69, -26.89, -25.28]","[3.81, -6.91, 7.14]",13587.374
"[-44.6, -27.04, -24.81]","[3.8, -6.8, 7.17]",13597.373
"[-44.4, -27.09, -24.3]","[3.82, -6.76, 7.18]",13607.383
"[-44.32, -26.87, -24.14]","[3.82, -6.74, 7.23]",13617.382
"[-44.36, -26.62, -24.04]","[3.84, -6.68, 7.29]",13627.181
"[-44.35, -26.55, -23.74]","[3.88, -6.64, 7.31]",13637.149000000001
"[-44.39, -26.38, -23.55]","[3.9, -6.6, 7.31]",13647.209
"[-44.48, -26.4, -23.36]","[3.89, -6.55, 7.3]",13657.456
"[-44.57, -26.53, -23.04]","[3.89, -6.49, 7.23]",13669.149000000001
"[-44.71, -26.62, -22.76]","[3.87, -6.44, 7.17]",13677.175
"[-44.89, -26.61, -22.66]","[3.85, -6.41, 7.14]",13687.157
"[-45.05, -26.49, -22.64]","[3.85, -6.4, 7.12]",13697.152
"[-45.05, -26.34, -22.6]","[3.83, -6.46, 7.14]",13707.168
"[-44.84, -26.08, -22.71]","[3.82, -6.62, 7.19]",13717.149
"[-44.79, -25.68, -23.14]","[3.84, -6.75, 7.23]",13726.806
"[-44.71, -25.51, -23.47]","[3.83, -6.85, 7.22]",13736.957
"[-44.75, -25.5, -23.6]","[3.78, -6.91, 7.17]",13747.372000000001
"[-44.91, -25.38, -23.9]","[3.76, -6.92, 7.11]",13756.96
"[-45.04, -25.3, -24.24]","[3.7, -6.96, 7.06]",13766.958
"[-44.97, -25.22, -24.46]","[3.67, -7.08, 7.02]",13776.957
"[-44.87, -25.11, -24.83]","[3.64, -7.22, 7.0]",13787.843
"[-44.72, -24.94, -25.24]","[3.62, -7.4, 7.0]",13796.883
"[-44.63, -24.59, -25.83]","[3.61, -7.55, 6.99]",13807.380000000001
"[-44.54, -24.22, -26.49]","[3.57, -7.7, 6.99]",13816.967999999999
"[-44.48, -24.01, -26.93]","[3.55, -7.84, 7.0]",13826.959
"[-44.47, -23.9, -27.38]","[3.55, -7.95, 6.98]",13837.228
"[-44.45, -23.9, -27.89]","[3.51, -8.06, 6.96]",13847.187
"[-44.48, -23.88, -28.42]","[3.5, -8.18, 6.93]",13857.217
"[-44.56, -23.93, -28.89]","[3.48, -8.27, 6.89]",13867.228000000001
"[-44.68, -23.96, -29.28]","[3.44, -8.38, 6.91]",13877.206
"[-44.9, -23.89, -29.78]","[3.47, -8.46, 6.96]",13887.212
"[-44.89, -24.03, -30.15]","[3.49, -8.58, 6.97]",13906.076000000001
"[-44.95, -24.27, -30.42]","[3.48, -8.67, 7.01]",13907.185
"[-45.05, -24.3, -30.81]","[3.52, -8.71, 6.99]",13917.217
"[-45.16, -24.42, -31.16]","[3.44, -8.79, 7.06]",13927.217
"[-45.27, -24.46, -31.35]","[3.51, -8.83, 7.08]",13937.225
"[-45.35, -24.66, -31.62]","[3.5, -8.88, 7.08]",13949.212
"[-45.53, -24.84, -31.82]","[3.51, -8.89, 7.12]",13957.219000000001
"[-45.66, -25.19, -31.68]","[3.58, -8.85, 7.14]",13967.213
"[-45.68, -25.56, -31.42]","[3.6, -8.86, 7.16]",13977.219
"[-45.79, -25.73, -31.37]","[3.6, -8.85, 7.22]",13987.223
"[-45.77, -25.96, -31.33]","[3.63, -8.83, 7.27]",13997.211
"[-45.5, -26.24, -31.29]","[3.67, -8.87, 7.28]",14007.219
"[-45.38, -26.38, -31.57]","[3.68, -8.87, 7.32]",14017.216
"[-45.34, -26.54, -31.65]","[3.72, -8.79, 7.37]",14027.196
"[-45.32, -26.85, -31.41]","[3.76, -8.71, 7.41]",14037.22
"[-45.22, -27.15, -31.08]","[3.78, -8.65, 7.47]",14047.213
"[-45.16, -27.5, -30.67]","[3.81, -8.58, 7.53]",14057.134
"[-45.07, -27.98, -30.04]","[3.85, -8.49, 7.58]",14067.219
"[-45.06, -28.34, -29.44]","[3.89, -8.39, 7.63]",14077.216999999999
"[-45.12, -28.53, -29.12]","[3.93, -8.28, 7.72]",14087.225
"[-45.11, -28.7, -28.87]","[3.96, -8.18, 7.8]",14097.2
"[-45.05, -28.89, -28.54]","[4.01, -8.08, 7.85]",14107.217
"[-44.96, -29.1, -28.27]","[4.02, -8.01, 7.88]",14117.217999999999
"[-44.95, -29.22, -28.06]","[4.05, -7.91, 7.93]",14127.202000000001
"[-44.98, -29.52, -27.57]","[4.06, -7.8, 8.0]",14137.217
"[-44.92, -29.77, -27.01]","[4.07, -7.72, 8.03]",14147.218
"[-44.92, -29.82, -26.86]","[4.1, -7.64, 8.06]",14157.216999999999
"[-44.92, -29.91, -26.71]","[4.1, -7.54, 8.09]",14167.221
"[-44.84, -30.08, -26.3]","[4.12, -7.45, 8.09]",14177.221
"[-44.79, -30.2, -26.07]","[4.14, -7.37, 8.09]",14188.069000000001
"[-44.78, -30.1, -26.2]","[4.13, -7.32, 8.09]",14199.070000000002
"[-44.66, -30.04, -26.18]","[4.12, -7.29, 8.07]",14209.07
"[-44.62, -30.07, -25.98]","[4.12, -7.28, 8.08]",14224.062
"[-44.67, -30.01, -25.75]","[4.13, -7.24, 8.11]",14230.282000000001
"[-44.74, -29.99, -25.57]","[4.16, -7.22, 8.12]",14237.28
"[-44.78, -29.95, -25.47]","[4.18, -7.19, 8.12]",14247.28
"[-44.82, -29.94, -25.33]","[4.18, -7.17, 8.12]",14257.293000000001
"[-44.9, -29.98, -25.24]","[4.19, -7.14, 8.1]",14266.279
"[-45.06, -29.89, -25.17]","[4.18, -7.12, 8.09]",14277.279999999999
"[-45.13, -29.87, -25.1]","[4.18, -7.11, 8.08]",14287.518
"[-45.19, -29.82, -25.03]","[4.17, -7.12, 8.07]",14297.28
"[-45.27, -29.78, -25.05]","[4.15, -7.15, 8.08]",14306.281
"[-45.25, -29.68, -25.01]","[4.12, -7.23, 8.11]",14316.306
"[-45.13, -29.49, -25.2]","[4.14, -7.32, 8.13]",14326.282000000001
"[-44.98, -29.3, -25.55]","[4.11, -7.43, 8.13]",14336.432999999999
"[-44.9, -29.16, -25.74]","[4.12, -7.46, 8.1]",14346.442
"[-44.85, -29.01, -25.96]","[4.09, -7.51, 8.08]",14357.408
"[-44.82, -28.82, -26.26]","[4.07, -7.56, 8.05]",14371.416
"[-44.84, -28.75, -26.4]","[4.05, -7.62, 8.03]",14376.439
"[-44.88, -28.77, -26.43]","[4.03, -7.67, 8.02]",14386.69
"[-45.01, -28.65, -26.55]","[4.03, -7.74, 8.01]",14396.651
"[-45.09, -28.44, -26.78]","[4.02, -7.84, 8.01]",14406.589
"[-45.19, -28.2, -27.17]","[3.99, -7.95, 8.02]",14416.560000000001
"[-45.29, -28.0, -27.48]","[3.99, -8.04, 8.03]",14427.259
"[-45.38, -27.93, -27.72]","[3.98, -8.13, 8.03]",14437.166
"[-45.41, -27.95, -28.03]","[3.96, -8.23, 8.02]",14446.934000000001
"[-45.5, -27.95, -28.38]","[3.94, -8.31, 8.0]",14457.229
"[-45.5, -28.06, -28.68]","[3.9, -8.43, 7.99]",14466.917000000001
"[-45.51, -27.9, -29.25]","[3.9, -8.53, 7.93]",14476.993999999999
"[-45.54, -27.83, -29.92]","[3.85, -8.64, 7.92]",14486.878
"[-45.63, -27.78, -30.3]","[3.87, -8.71, 7.91]",14497.268999999998
"[-45.7, -27.86, -30.57]","[3.88, -8.77, 7.93]",14508.903
"[-45.69, -27.98, -30.74]","[3.85, -8.85, 7.99]",14516.988
"[-45.64, -27.94, -30.94]","[3.9, -8.92, 7.99]",14526.978
"[-45.62, -28.1, -31.17]","[3.86, -8.97, 8.02]",14537.361
"[-45.64, -28.22, -31.31]","[3.89, -9.0, 8.03]",14547.345
"[-45.8, -28.37, -31.45]","[3.93, -8.97, 8.05]",14557.385
"[-45.91, -28.62, -31.44]","[3.93, -8.96, 8.07]",14567.376
"[-46.03, -28.83, -31.4]","[3.98, -8.92, 8.08]",14577.363
"[-46.05, -29.16, -31.21]","[3.98, -8.89, 8.1]",14587.428
"[-46.13, -29.53, -30.89]","[3.98, -8.86, 8.16]",14597.352
"[-46.21, -29.72, -30.64]","[4.05, -8.81, 8.21]",14607.345000000001
"[-46.24, -29.97, -30.54]","[4.05, -8.77, 8.27]",14617.401
"[-46.23, -30.12, -30.44]","[4.1, -8.72, 8.31]",14627.345
"[-46.17, -30.3, -30.24]","[4.12, -8.68, 8.35]",14637.520999999999
"[-46.08, -30.51, -30.13]","[4.14, -8.65, 8.39]",14647.353000000001
"[-45.98, -30.64, -29.94]","[4.17, -8.6, 8.42]",14657.353000000001
"[-45.89, -30.93, -29.65]","[4.19, -8.56, 8.44]",14667.353000000001
"[-45.82, -31.18, -29.38]","[4.22, -8.5, 8.45]",14677.356
"[-45.81, -31.3, -29.28]","[4.22, -8.44, 8.49]",14687.358
"[-45.71, -31.36, -29.2]","[4.24, -8.4, 8.52]",14697.446
"[-45.66, -31.34, -29.12]","[4.26, -8.36, 8.56]",14707.663999999999
"[-45.55, -31.43, -29.02]","[4.26, -8.33, 8.6]",14717.351
"[-45.45, -31.51, -28.88]","[4.27, -8.3, 8.63]",14727.356
"[-45.42, -31.54, -28.67]","[4.28, -8.26, 8.66]",14737.694
"[-45.4, -31.66, -28.57]","[4.28, -8.24, 8.7]",14747.681999999999
"[-45.38, -31.71, -28.5]","[4.31, -8.19, 8.72]",14757.503
"[-45.37, -31.87, -28.4]","[4.32, -8.13, 8.72]",14767.429999999998
"[-45.31, -32.07, -28.39]","[4.32, -8.08, 8.71]",14777.464
"[-45.32, -32.15, -28.47]","[4.3, -8.05, 8.71]",14789.424
"[-45.23, -32.24, -28.49]","[4.29, -8.04, 8.71]",14796.806
"[-45.11, -32.27, -28.5]","[4.28, -8.05, 8.72]",14807.282000000001
"[-45.06, -32.24, -28.61]","[4.3, -8.06, 8.74]",14817.498
"[-44.97, -32.29, -28.64]","[4.29, -8.08, 8.76]",14826.796
"[-44.91, -32.27, -28.66]","[4.31, -8.1, 8.77]",14837.063
"[-44.92, -32.23, -28.74]","[4.3, -8.13, 8.79]",14847.049
"[-44.96, -32.27, -28.78]","[4.31, -8.14, 8.8]",14857.059
"[-45.06, -32.36, -28.79]","[4.33, -8.12, 8.78]",14867.241999999998
"[-45.17, -32.47, -28.85]","[4.32, -8.11, 8.76]",14877.068
"[-45.3, -32.52, -28.89]","[4.31, -8.1, 8.76]",14887.378
"[-45.36, -32.61, -28.88]","[4.3, -8.13, 8.76]",14896.926000000001
"[-45.38, -32.59, -28.83]","[4.29, -8.17, 8.78]",14906.939
"[-45.38, -32.51, -28.87]","[4.3, -8.22, 8.79]",14917.075
"[-45.36, -32.3, -28.99]","[4.29, -8.28, 8.81]",14927.073999999999
"[-45.42, -32.14, -29.09]","[4.3, -8.33, 8.87]",14937.241
"[-45.37, -32.04, -29.05]","[4.33, -8.41, 8.9]",14947.241
"[-45.38, -31.97, -29.19]","[4.34, -8.46, 8.91]",14957.24
"[-45.46, -31.93, -29.42]","[4.33, -8.49, 8.92]",14967.24
"[-45.53, -32.01, -29.53]","[4.35, -8.51, 8.9]",14977.235
"[-45.52, -32.13, -29.65]","[4.32, -8.55, 8.81]",14987.242
"[-45.63, -31.96, -29.97]","[4.27, -8.58, 8.75]",14997.242
"[-45.75, -31.76, -30.25]","[4.24, -8.61, 8.79]",15007.244999999999
"[-45.52, -31.75, -30.15]","[4.26, -8.73, 8.77]",15017.353
"[-45.41, -31.48, -30.28]","[4.27, -8.82, 8.79]",15027.257000000001
"[-45.41, -31.09, -30.64]","[4.23, -8.87, 8.83]",15037.258
"[-45.3, -31.01, -30.66]","[4.24, -8.97, 8.88]",15047.226999999999
"[-45.18, -30.95, -30.7]","[4.28, -9.05, 8.89]",15057.263
"[-45.19, -31.01, -31.1]","[4.23, -9.09, 8.91]",15069.253
"[-45.3, -31.18, -31.38]","[4.26, -9.02, 8.84]",15077.257
"[-45.34, -31.62, -31.32]","[4.22, -9.0, 8.75]",15087.146
"[-45.41, -31.77, -31.61]","[4.15, -9.03, 8.74]",15097.258
"[-45.47, -31.64, -31.98]","[4.16, -9.05, 8.79]",15107.213
"[-45.37, -31.69, -31.96]","[4.19, -9.11, 8.79]",15117.256
"[-45.27, -31.71, -31.95]","[4.2, -9.17, 8.82]",15127.254
"[-45.44, -31.42, -32.16]","[4.24, -9.17, 8.92]",15137.734999999999
"[-45.46, -31.38, -32.19]","[4.27, -9.2, 8.99]",15146.705
"[-45.47, -31.51, -32.0]","[4.31, -9.2, 9.03]",15156.839
"[-45.57, -31.75, -31.86]","[4.35, -9.14, 9.04]",15166.84
"[-45.62, -32.21, -31.72]","[4.37, -9.03, 9.01]",15176.847
"[-45.59, -32.63, -31.52]","[4.38, -8.94, 8.93]",15187.445
"[-45.57, -32.86, -31.54]","[4.35, -8.86, 8.92]",15196.829
"[-45.44, -32.96, -31.47]","[4.33, -8.83, 8.94]",15206.83
"[-45.29, -32.95, -31.35]","[4.36, -8.8, 8.96]",15216.739
"[-45.09, -32.92, -31.1]","[4.39, -8.8, 9.03]",15226.699999999999
"[-45.0, -32.8, -30.8]","[4.43, -8.79, 9.11]",15236.738000000001
"[-44.91, -32.76, -30.46]","[4.47, -8.79, 9.18]",15246.837
"[-44.93, -32.75, -30.24]","[4.51, -8.76, 9.23]",15256.831999999999
"[-45.0, -32.89, -30.02]","[4.54, -8.69, 9.23]",15266.846
"[-45.15, -33.16, -29.82]","[4.57, -8.58, 9.17]",15276.828
"[-45.36, -33.39, -29.76]","[4.57, -8.47, 9.12]",15286.998000000001
"[-45.45, -33.59, -29.6]","[4.54, -8.41, 9.1]",15297.0
"[-45.44, -33.66, -29.41]","[4.53, -8.4, 9.11]",15306.844
"[-45.44, -33.55, -29.34]","[4.53, -8.42, 9.16]",15317.227
"[-45.38, -33.4, -29.28]","[4.54, -8.47, 9.23]",15326.835000000001
"[-45.32, -33.24, -29.24]","[4.56, -8.51, 9.3]",15337.143
"[-45.32, -33.14, -29.22]","[4.58, -8.52, 9.36]",15349.333
"[-45.35, -33.18, -29.29]","[4.6, -8.52, 9.39]",15357.150000000001
"[-45.37, -33.3, -29.37]","[4.63, -8.48, 9.38]",15367.151
"[-45.46, -33.65, -29.37]","[4.64, -8.41, 9.33]",15377.152
"[-45.5, -34.0, -29.39]","[4.64, -8.35, 9.27]",15387.154
"[-45.53, -34.18, -29.54]","[4.64, -8.33, 9.24]",15397.147
"[-45.52, -34.22, -29.75]","[4.6, -8.37, 9.25]",15407.038999999999
"[-45.4, -34.1, -29.9]","[4.61, -8.46, 9.28]",15417.149
"[-45.37, -33.91, -30.06]","[4.64, -8.56, 9.34]",15427.153
"[-45.3, -33.75, -30.19]","[4.67, -8.65, 9.39]",15437.146
"[-45.3, -33.67, -30.23]","[4.69, -8.73, 9.42]",15447.151
"[-45.38, -33.71, -30.29]","[4.71, -8.76, 9.43]",15457.153
"[-45.55, -33.86, -30.34]","[4.72, -8.76, 9.42]",15467.15
"[-45.79, -34.09, -30.4]","[4.74, -8.73, 9.39]",15477.141
"[-46.02, -34.31, -30.46]","[4.75, -8.7, 9.35]",15487.151000000002
"[-46.2, -34.5, -30.5]","[4.77, -8.69, 9.32]",15497.145
"[-46.28, -34.6, -30.45]","[4.78, -8.74, 9.33]",15507.292
"[-46.37, -34.55, -30.44]","[4.8, -8.81, 9.38]",15517.146999999999
"[-46.4, -34.5, -30.37]","[4.82, -8.91, 9.43]",15527.155
"[-46.44, -34.42, -30.33]","[4.87, -9.03, 9.51]",15544.036
"[-46.47, -34.42, -30.33]","[4.88, -9.04, 9.52]",15547.15
"[-46.53, -34.49, -30.31]","[4.89, -9.07, 9.55]",15557.164999999999
"[-46.64, -34.56, -30.37]","[4.92, -9.07, 9.55]",15567.148
"[-46.68, -34.69, -30.5]","[4.92, -9.08, 9.55]",15577.154
"[-46.68, -34.76, -30.65]","[4.93, -9.1, 9.54]",15587.165
"[-46.7, -34.82, -30.75]","[4.94, -9.14, 9.56]",15597.15
"[-46.6, -34.83, -30.8]","[4.96, -9.22, 9.58]",15607.155999999999
"[-46.52, -34.72, -30.98]","[4.98, -9.3, 9.6]",15617.16
"[-46.5, -34.61, -31.2]","[5.0, -9.37, 9.64]",15629.13
"[-46.45, -34.56, -31.37]","[5.02, -9.44, 9.66]",15637.148
"[-46.44, -34.46, -31.57]","[5.05, -9.48, 9.63]",15647.164999999999
"[-46.58, -34.42, -31.67]","[5.03, -9.49, 9.6]",15657.151
"[-46.75, -34.35, -31.7]","[5.02, -9.47, 9.57]",15667.15
"[-46.76, -34.38, -31.63]","[4.99, -9.5, 9.56]",15677.148000000001
"[-46.75, -34.22, -31.55]","[5.01, -9.56, 9.58]",15687.152
"[-46.84, -34.06, -31.59]","[5.02, -9.58, 9.61]",15697.041000000001
"[-46.95, -34.01, -31.44]","[5.01, -9.62, 9.64]",15707.039
"[-47.05, -34.33, -31.26]","[4.87, -9.62, 9.51]",15717.136999999999
"[-47.31, -34.32, -32.35]","[4.31, -9.42, 9.25]",15727.138
"[-47.42, -33.19, -34.37]","[3.83, -9.41, 9.28]",15737.445
"[-47.25, -32.78, -34.64]","[3.79, -9.42, 9.08]",15747.579
"[-47.27, -33.16, -33.76]","[3.54, -9.49, 9.04]",15757.365
"[-47.94, -32.23, -34.47]","[3.51, -9.46, 9.1]",15767.414
"[-49.12, -32.01, -34.31]","[3.48, -9.42, 9.08]",15777.467
"[-51.41, -32.78, -31.77]","[3.41, -9.47, 9.16]",15787.468
"[-55.76, -32.94, -29.82]","[3.44, -9.19, 9.37]",15797.365
"[-61.44, -33.54, -27.53]","[3.41, -8.73, 9.56]",15807.362
"[-67.52, -35.23, -23.33]","[3.44, -8.22, 9.65]",15817.418
"[-73.09, -36.95, -19.14]","[3.45, -7.81, 9.73]",15827.36
"[-78.06, -37.71, -16.08]","[3.47, -7.51, 9.97]",15837.664999999999
"[-81.83, -38.13, -13.61]","[3.5, -7.33, 10.2]",15846.793
"[-84.37, -38.32, -11.63]","[3.61, -7.29, 10.33]",15856.806
"[-86.28, -38.11, -10.74]","[3.7, -7.27, 10.46]",15866.803000000002
"[-88.06, -37.77, -10.29]","[3.77, -7.23, 10.56]",15876.795
"[-90.15, -37.7, -9.3]","[3.83, -7.2, 10.64]",15887.432
"[-93.18, -37.88, -7.7]","[3.87, -7.1, 10.78]",15896.696
"[-97.28, -38.6, -5.18]","[3.89, -6.91, 10.95]",15908.804
"[-102.14, -39.91, -1.87]","[3.91, -6.65, 11.09]",15917.507000000001
"[-107.08, -41.25, 1.1]","[3.93, -6.46, 11.22]",15927.671999999999
"[-111.55, -42.0, 2.97]","[3.97, -6.39, 11.37]",15937.213
"[-115.22, -42.34, 4.11]","[4.02, -6.44, 11.53]",15946.788
"[-117.87, -42.43, 4.65]","[4.08, -6.56, 11.62]",15956.792
"[-119.7, -42.19, 4.24]","[4.12, -6.76, 11.68]",15966.806
"[-121.1, -41.94, 3.53]","[4.14, -6.98, 11.72]",15977.676000000001
"[-122.46, -42.01, 3.54]","[4.16, -7.23, 11.74]",15986.798
"[-124.49, -42.28, 4.06]","[4.2, -7.42, 11.83]",15996.805
"[-127.4, -42.61, 5.01]","[4.23, -7.54, 11.98]",16006.789999999999
"[-130.92, -43.13, 6.24]","[4.26, -7.61, 12.12]",16016.797
"[-134.91, -43.74, 7.53]","[4.31, -7.61, 12.27]",16027.666
"[-138.17, -44.58, 8.85]","[4.34, -7.65, 12.35]",16037.261
"[-140.25, -45.04, 9.61]","[4.37, -7.72, 12.38]",16047.464000000002
"[-140.85, -45.01, 9.4]","[4.37, -7.95, 12.37]",16057.256
"[-140.75, -44.52, 8.59]","[4.4, -8.2, 12.35]",16067.231
"[-140.56, -44.0, 7.71]","[4.4, -8.42, 12.37]",16077.642000000002
"[-140.73, -43.65, 7.16]","[4.44, -8.51, 12.38]",16087.492999999999
"[-141.04, -43.61, 7.08]","[4.44, -8.56, 12.4]",16097.415
"[-141.21, -43.7, 7.31]","[4.43, -8.64, 12.42]",16107.289
"[-141.2, -43.82, 7.65]","[4.39, -8.77, 12.45]",16117.253000000002
"[-141.17, -43.84, 7.8]","[4.38, -8.87, 12.46]",16127.642000000002
"[-141.27, -43.83, 7.75]","[4.41, -8.88, 12.44]",16137.31
"[-141.52, -43.86, 7.53]","[4.42, -8.84, 12.39]",16147.300000000001
"[-141.8, -43.76, 7.23]","[4.46, -8.8, 12.35]",16157.239000000001
"[-141.78, -43.73, 7.04]","[4.43, -8.85, 12.35]",16167.238000000001
"[-141.64, -43.7, 7.12]","[4.41, -8.94, 12.37]",16177.335
"[-141.49, -43.74, 7.42]","[4.39, -9.05, 12.41]",16189.256000000001
"[-141.61, -43.81, 7.71]","[4.39, -9.1, 12.44]",16197.220000000001
"[-141.71, -43.81, 7.83]","[4.39, -9.13, 12.46]",16208.413
"[-141.75, -43.63, 7.7]","[4.41, -9.14, 12.47]",16217.26
"[-141.76, -43.51, 7.48]","[4.42, -9.16, 12.47]",16227.443000000001
"[-141.77, -43.45, 7.32]","[4.43, -9.15, 12.44]",16237.476999999999
"[-141.85, -43.59, 7.41]","[4.42, -9.14, 12.41]",16247.396999999999
"[-142.06, -43.82, 7.66]","[4.4, -9.13, 12.4]",16257.265
"[-142.16, -43.92, 7.86]","[4.39, -9.15, 12.41]",16267.341999999999
"[-142.07, -43.81, 7.97]","[4.38, -9.24, 12.45]",16277.643000000002
"[-141.95, -43.61, 7.89]","[4.4, -9.33, 12.49]",16287.33
"[-141.89, -43.4, 7.71]","[4.43, -9.38, 12.52]",16297.472
"[-141.94, -43.35, 7.71]","[4.44, -9.38, 12.52]",16307.206999999999
"[-142.07, -43.42, 7.77]","[4.45, -9.36, 12.51]",16317.297
"[-142.18, -43.52, 7.92]","[4.44, -9.36, 12.49]",16328.264999999998
"[-142.21, -43.62, 8.07]","[4.43, -9.37, 12.48]",16337.340999999999
"[-142.25, -43.63, 8.1]","[4.43, -9.39, 12.48]",16347.553999999998
"[-142.23, -43.63, 8.08]","[4.42, -9.42, 12.48]",16357.246
"[-142.23, -43.55, 7.99]","[4.43, -9.44, 12.49]",16367.432
"[-142.22, -43.45, 7.95]","[4.43, -9.48, 12.51]",16377.652999999998
"[-142.15, -43.4, 7.97]","[4.43, -9.54, 12.53]",16387.353
"[-142.15, -43.38, 8.02]","[4.44, -9.58, 12.53]",16397.267
"[-142.02, -43.45, 8.21]","[4.42, -9.72, 12.53]",16407.335
"[-141.95, -43.31, 8.44]","[4.33, -11.29, 12.35]",16417.243
"[-149.42, -39.31, 1.71]","[4.28, -10.68, 10.37]",16427.225
"[-163.23, -36.58, -0.49]","[2.75, -7.99, 10.52]",16437.307
"[-161.64, -35.16, 3.59]","[2.58, -8.72, 8.75]",16447.256
"[-153.75, -33.71, 3.93]","[2.27, -8.78, 7.02]",16457.283
"[-142.42, -27.84, 3.12]","[1.89, -9.03, 6.34]",16469.317
"[-129.62, -21.24, 0.77]","[1.15, -7.48, 4.09]",16477.227
"[-115.36, -13.48, 1.17]","[0.84, -6.95, 2.86]",16487.255
"[-103.24, -3.17, -2.0]","[0.5, -5.79, 3.03]",16497.363
