X,Y,Z,A,B,C,time
12.52,557.45,418.17,-1.93,-1.55,0.3,7.0
12.52,557.45,418.17,-1.93,-1.55,0.3,12.023000000000001
12.52,557.45,418.17,-1.93,-1.55,0.3,22.018
12.52,557.45,418.17,-1.93,-1.55,0.3,32.02
12.52,557.45,418.17,-1.93,-1.55,0.3,42.02
12.52,557.45,418.17,-1.93,-1.55,0.3,60.028
12.52,557.45,418.17,-1.93,-1.55,0.3,63.02
12.52,557.45,418.17,-1.93,-1.55,0.3,72.024
12.52,557.45,418.17,-1.92,-1.55,0.3,82.02
12.52,557.45,418.17,-1.92,-1.55,0.3,92.074
12.52,557.45,418.17,-1.92,-1.55,0.3,101.96900000000001
12.52,557.45,418.17,-1.92,-1.55,0.3,128.071
12.52,557.45,418.17,-1.92,-1.55,0.3,130.07
12.52,557.45,418.17,-1.92,-1.55,0.3,132.06699999999998
12.52,557.45,418.17,-1.92,-1.55,0.3,173.11399999999998
12.52,557.45,418.17,-1.92,-1.55,0.3,175.11499999999998
12.52,557.45,418.17,-1.92,-1.55,0.3,177.112
12.52,557.45,418.17,-1.92,-1.55,0.3,179.029
12.52,557.45,418.17,-1.92,-1.55,0.3,194.978
12.52,557.45,418.17,-1.92,-1.55,0.3,196.96800000000002
12.52,557.45,418.17,-1.92,-1.55,0.3,221.06300000000002
12.52,557.45,418.17,-1.92,-1.55,0.3,222.968
12.52,557.45,418.17,-1.92,-1.55,0.3,224.006
12.52,557.45,418.17,-1.92,-1.55,0.3,242.04500000000002
12.52,557.45,418.17,-1.92,-1.55,0.3,242.969
12.52,557.45,418.17,-1.92,-1.55,0.3,253.006
12.52,557.45,418.17,-1.92,-1.55,0.3,266.015
12.52,557.45,418.17,-1.92,-1.55,0.3,272.12199999999996
12.52,557.45,418.17,-1.92,-1.55,0.3,282.127
12.52,557.45,418.17,-1.92,-1.55,0.3,292.119
12.52,557.45,418.17,-1.92,-1.55,0.3,302.122
12.52,557.45,418.17,-1.92,-1.55,0.3,313.111
12.52,557.45,418.17,-1.92,-1.55,0.3,322.11899999999997
12.52,557.45,418.17,-1.92,-1.55,0.3,332.129
12.52,557.45,418.17,-1.92,-1.55,0.3,342.129
12.52,557.45,418.17,-1.92,-1.55,0.3,351.98400000000004
12.52,557.45,418.17,-1.92,-1.55,0.3,362.124
12.52,557.45,418.17,-1.92,-1.55,0.3,372.131
12.52,557.44,418.17,-1.92,-1.55,0.3,382.122
12.52,557.45,418.17,-1.92,-1.55,0.3,391.964
12.52,557.45,418.17,-1.92,-1.55,0.3,401.976
12.52,557.44,418.17,-1.92,-1.55,0.3,413.12
12.52,557.44,418.18,-1.92,-1.55,0.3,422.122
12.52,557.45,418.18,-1.92,-1.55,0.3,432.122
12.52,557.45,418.18,-1.92,-1.55,0.3,442.124
12.52,557.45,418.18,-1.92,-1.55,0.3,452.128
12.52,557.45,418.18,-1.92,-1.55,0.3,462.12199999999996
12.52,557.44,418.18,-1.92,-1.55,0.3,472.122
12.52,557.45,418.18,-1.92,-1.55,0.3,482.12300000000005
12.52,557.45,418.18,-1.92,-1.55,0.3,492.124
12.52,557.44,418.18,-1.92,-1.55,0.3,502.006
12.52,557.45,418.18,-1.92,-1.55,0.3,512.9860000000001
12.52,557.44,418.18,-1.92,-1.55,0.3,523.044
12.52,557.45,418.18,-1.92,-1.55,0.3,532.966
12.52,557.45,418.18,-1.92,-1.55,0.3,542.147
12.52,557.45,418.18,-1.92,-1.55,0.3,555.123
12.52,557.45,418.18,-1.92,-1.55,0.3,562.1270000000001
12.52,557.45,418.18,-1.92,-1.55,0.3,572.138
12.52,557.44,418.18,-1.92,-1.55,0.3,582.1220000000001
12.52,557.44,418.18,-1.92,-1.55,0.3,592.127
12.52,557.44,418.18,-1.92,-1.55,0.3,602.023
12.52,557.45,418.18,-1.92,-1.55,0.3,613.114
12.52,557.44,418.18,-1.92,-1.55,0.3,621.9670000000001
12.52,557.44,418.18,-1.92,-1.55,0.3,631.971
12.52,557.44,418.18,-1.92,-1.55,0.3,642.1139999999999
12.52,557.45,418.18,-1.92,-1.55,0.3,653.007
12.52,557.44,418.18,-1.92,-1.55,0.3,662.122
12.52,557.45,418.18,-1.92,-1.55,0.3,671.969
12.52,557.45,418.18,-1.92,-1.55,0.3,682.115
12.52,557.45,418.18,-1.92,-1.55,0.3,692.967
12.52,557.44,418.18,-1.92,-1.55,0.3,702.003
12.52,557.44,418.18,-1.92,-1.55,0.3,713.13
12.52,557.44,418.18,-1.92,-1.55,0.3,722.114
12.52,557.44,418.18,-1.92,-1.55,0.3,732.966
12.52,557.45,418.18,-1.92,-1.55,0.3,742.008
12.52,557.45,418.18,-1.92,-1.55,0.3,752.0029999999999
12.52,557.45,418.18,-1.92,-1.55,0.3,762.124
12.52,557.45,418.18,-1.92,-1.55,0.3,771.981
12.52,557.45,418.18,-1.92,-1.55,0.3,782.135
12.52,557.45,418.18,-1.92,-1.55,0.3,792.001
12.52,557.45,418.18,-1.92,-1.55,0.3,801.9810000000001
12.52,557.45,418.18,-1.92,-1.55,0.3,812.98
12.52,557.45,418.18,-1.92,-1.55,0.3,822.138
12.52,557.45,418.18,-1.92,-1.55,0.3,834.967
12.52,557.45,418.18,-1.92,-1.55,0.3,842.14
12.52,557.45,418.18,-1.92,-1.55,0.3,851.9989999999999
12.52,557.45,418.18,-1.92,-1.55,0.3,862.1410000000001
12.52,557.45,418.18,-1.92,-1.55,0.3,872.152
12.52,557.45,418.18,-1.92,-1.55,0.3,882.134
12.52,557.45,418.18,-1.92,-1.55,0.3,893.007
12.52,557.45,418.18,-1.92,-1.55,0.3,901.965
12.52,557.45,418.18,-1.92,-1.55,0.3,913.125
12.52,557.45,418.18,-1.92,-1.55,0.3,922.132
12.52,557.45,418.18,-1.92,-1.55,0.3,932.135
12.52,557.45,418.18,-1.92,-1.55,0.3,942.1370000000001
12.52,557.45,418.18,-1.92,-1.55,0.3,951.9649999999999
12.52,557.45,418.18,-1.92,-1.55,0.3,962.1410000000001
12.52,557.45,418.18,-1.92,-1.55,0.3,972.9680000000001
12.52,557.45,418.18,-1.92,-1.55,0.3,982.1260000000001
12.52,557.45,418.18,-1.92,-1.55,0.3,991.9689999999999
12.52,557.45,418.18,-1.92,-1.55,0.3,1002.046
12.52,557.45,418.18,-1.92,-1.55,0.3,1013.123
12.52,557.45,418.18,-1.92,-1.55,0.3,1022.135
12.52,557.45,418.18,-1.92,-1.55,0.3,1032.138
12.52,557.45,418.18,-1.92,-1.55,0.3,1042.877
12.52,557.45,418.18,-1.92,-1.55,0.3,1052.8090000000002
12.52,557.45,418.18,-1.92,-1.55,0.3,1062.8390000000002
12.52,557.45,418.18,-1.92,-1.55,0.3,1072.801
12.52,557.45,418.18,-1.92,-1.55,0.3,1082.876
12.52,557.45,418.18,-1.92,-1.55,0.3,1091.963
12.52,557.45,418.18,-1.92,-1.55,0.3,1101.872
12.52,557.45,418.18,-1.92,-1.55,0.3,1112.911
12.52,557.45,418.18,-1.92,-1.55,0.3,1124.916
12.52,557.45,418.18,-1.92,-1.55,0.3,1136.864
12.52,557.45,418.18,-1.92,-1.55,0.3,1141.8950000000002
12.52,557.45,418.18,-1.92,-1.55,0.3,1151.8619999999999
12.52,557.45,418.18,-1.92,-1.55,0.3,1161.894
12.52,557.45,418.18,-1.92,-1.55,0.3,1171.896
12.52,557.45,418.18,-1.92,-1.55,0.3,1189.862
12.52,557.45,418.18,-1.92,-1.55,0.3,1191.861
12.52,557.45,418.18,-1.92,-1.55,0.3,1201.859
12.52,557.45,418.18,-1.92,-1.55,0.3,1212.895
12.52,557.45,418.18,-1.92,-1.55,0.3,1221.8960000000002
12.52,557.45,418.18,-1.92,-1.55,0.3,1231.894
12.52,557.45,418.18,-1.92,-1.55,0.3,1241.895
12.52,557.45,418.18,-1.92,-1.55,0.3,1252.8619999999999
12.52,557.45,418.18,-1.92,-1.55,0.3,1261.895
12.52,557.45,418.18,-1.92,-1.55,0.3,1271.894
12.52,557.45,418.18,-1.92,-1.55,0.3,1281.912
12.52,557.45,418.18,-1.92,-1.55,0.3,1297.8639999999998
12.52,557.45,418.18,-1.92,-1.55,0.3,1301.8590000000002
12.52,557.45,418.18,-1.92,-1.55,0.3,1313.863
12.52,557.45,418.18,-1.92,-1.55,0.3,1321.894
12.52,557.45,418.18,-1.92,-1.55,0.3,1335.874
12.52,557.45,418.18,-1.92,-1.55,0.3,1341.919
12.52,557.45,418.18,-1.92,-1.55,0.3,1351.863
12.52,557.45,418.18,-1.92,-1.55,0.3,1361.919
12.52,557.45,418.18,-1.92,-1.55,0.3,1372.864
12.52,557.45,418.18,-1.92,-1.55,0.3,1381.9189999999999
12.52,557.45,418.18,-1.92,-1.55,0.3,1391.8600000000001
12.52,557.45,418.18,-1.92,-1.55,0.3,1401.987
12.52,557.45,418.18,-1.92,-1.55,0.3,1413.035
12.52,557.45,418.18,-1.92,-1.55,0.3,1422.038
12.52,557.45,418.18,-1.92,-1.55,0.3,1432.039
12.52,557.44,418.18,-1.92,-1.55,0.3,1442.028
12.52,557.44,418.18,-1.92,-1.55,0.3,1452.03
12.52,557.45,418.18,-1.92,-1.55,0.3,1462.03
12.52,557.45,418.18,-1.92,-1.55,0.3,1472.032
12.52,557.44,418.18,-1.92,-1.55,0.3,1482.029
12.52,557.45,418.18,-1.92,-1.55,0.3,1491.998
12.52,557.45,418.18,-1.92,-1.55,0.3,1502.033
12.52,557.45,418.18,-1.92,-1.55,0.3,1513.9959999999999
12.52,557.45,418.18,-1.92,-1.55,0.3,1522.991
12.52,557.45,418.18,-1.92,-1.55,0.3,1532.03
12.52,557.45,418.18,-1.92,-1.55,0.3,1541.998
12.52,557.45,418.18,-1.92,-1.55,0.3,1552.033
12.52,557.45,418.18,-1.92,-1.55,0.3,1562.029
12.52,557.45,418.18,-1.92,-1.55,0.3,1572.03
12.52,557.45,418.18,-1.92,-1.55,0.3,1582.0330000000001
12.52,557.45,418.18,-1.92,-1.55,0.3,1592.035
12.52,557.45,418.18,-1.92,-1.55,0.3,1602.029
12.52,557.45,418.18,-1.92,-1.55,0.3,1613.0240000000001
12.52,557.45,418.18,-1.92,-1.55,0.3,1622.993
12.52,557.45,418.18,-1.92,-1.55,0.3,1632.137
12.52,557.45,418.18,-1.92,-1.55,0.3,1642.353
12.52,557.45,418.18,-1.92,-1.55,0.3,1652.193
12.52,557.45,418.18,-1.92,-1.55,0.3,1662.34
12.52,557.44,418.18,-1.92,-1.55,0.3,1672.337
12.52,557.45,418.18,-1.92,-1.55,0.3,1682.338
12.52,557.45,418.18,-1.92,-1.55,0.3,1695.328
12.52,557.45,418.18,-1.92,-1.55,0.3,1702.3410000000001
12.52,557.45,418.18,-1.92,-1.55,0.3,1713.341
12.52,557.45,418.18,-1.92,-1.55,0.3,1722.335
12.52,557.45,418.18,-1.92,-1.55,0.3,1733.1970000000001
12.52,557.45,418.18,-1.92,-1.55,0.3,1742.34
12.52,557.44,418.18,-1.92,-1.55,0.3,1752.341
12.52,557.44,418.18,-1.92,-1.55,0.3,1762.338
12.52,557.44,418.18,-1.92,-1.55,0.3,1772.3390000000002
12.52,557.45,418.18,-1.92,-1.55,0.3,1782.339
12.52,557.45,418.18,-1.92,-1.55,0.3,1792.338
12.52,557.44,418.18,-1.92,-1.55,0.3,1802.337
12.52,557.45,418.18,-1.92,-1.55,0.3,1813.353
12.52,557.44,418.18,-1.92,-1.55,0.3,1822.3400000000001
12.52,557.45,418.18,-1.92,-1.55,0.3,1832.3400000000001
12.52,557.44,418.18,-1.92,-1.55,0.3,1842.338
12.52,557.45,418.18,-1.92,-1.55,0.3,1853.347
12.52,557.44,418.18,-1.92,-1.55,0.3,1862.339
12.52,557.44,418.18,-1.92,-1.55,0.3,1872.335
12.52,557.44,418.18,-1.92,-1.55,0.3,1882.336
12.52,557.45,418.18,-1.92,-1.55,0.3,1892.337
12.52,557.44,418.18,-1.92,-1.55,0.3,1902.19
12.52,557.44,418.18,-1.92,-1.55,0.3,1913.347
12.52,557.45,418.18,-1.92,-1.55,0.3,1922.3380000000002
12.52,557.45,418.18,-1.92,-1.55,0.3,1932.338
12.52,557.44,418.18,-1.92,-1.55,0.3,1942.3410000000001
12.52,557.45,418.18,-1.92,-1.55,0.3,1952.336
12.52,557.45,418.18,-1.92,-1.55,0.3,1962.337
12.52,557.44,418.18,-1.92,-1.55,0.3,1972.338
12.52,557.44,418.18,-1.92,-1.55,0.3,1985.343
12.52,557.45,418.18,-1.92,-1.55,0.3,1992.337
12.52,557.45,418.18,-1.92,-1.55,0.3,2002.3369999999998
12.52,557.45,418.18,-1.92,-1.55,0.3,2012.425
12.52,557.45,418.18,-1.92,-1.55,0.3,2022.584
12.52,557.45,418.18,-1.92,-1.55,0.3,2032.5790000000002
12.52,557.45,418.18,-1.92,-1.55,0.3,2042.5659999999998
12.52,557.45,418.18,-1.92,-1.55,0.3,2052.597
12.52,557.45,418.18,-1.92,-1.55,0.3,2070.659
12.52,557.45,418.18,-1.92,-1.55,0.3,2072.58
12.52,557.45,418.18,-1.92,-1.55,0.3,2082.594
12.52,557.45,418.18,-1.92,-1.55,0.3,2092.504
12.52,557.45,418.18,-1.92,-1.55,0.3,2102.561
12.52,557.45,418.18,-1.92,-1.55,0.3,2113.673
12.52,557.45,418.18,-1.92,-1.55,0.3,2122.5049999999997
12.52,557.45,418.18,-1.92,-1.55,0.3,2132.586
12.52,557.45,418.18,-1.92,-1.55,0.3,2142.501
12.52,557.45,418.18,-1.92,-1.55,0.3,2152.501
12.52,557.45,418.18,-1.92,-1.55,0.3,2162.503
12.52,557.45,418.18,-1.92,-1.55,0.3,2172.888
12.52,557.45,418.18,-1.92,-1.55,0.3,2182.7000000000003
12.52,557.45,418.18,-1.92,-1.55,0.3,2192.7349999999997
12.52,557.45,418.18,-1.92,-1.55,0.3,2202.749
12.52,557.45,418.18,-1.92,-1.55,0.3,2213.732
12.52,557.45,418.18,-1.92,-1.55,0.3,2222.89
12.52,557.45,418.18,-1.92,-1.55,0.3,2232.698
12.52,557.45,418.18,-1.92,-1.55,0.3,2242.76
12.52,557.45,418.18,-1.92,-1.55,0.3,2252.742
12.52,557.45,418.18,-1.92,-1.55,0.3,2264.713
12.52,557.45,418.18,-1.92,-1.55,0.3,2272.7430000000004
12.52,557.45,418.18,-1.92,-1.55,0.3,2282.702
12.52,557.45,418.18,-1.92,-1.55,0.3,2292.8199999999997
12.52,557.45,418.18,-1.92,-1.55,0.3,2302.745
12.52,557.45,418.18,-1.92,-1.55,0.3,2313.738
12.52,557.45,418.18,-1.92,-1.55,0.3,2322.7920000000004
12.52,557.45,418.18,-1.92,-1.55,0.3,2332.707
12.52,557.45,418.18,-1.92,-1.55,0.3,2342.6969999999997
12.52,557.45,418.18,-1.92,-1.55,0.3,2352.823
12.52,557.45,418.18,-1.92,-1.55,0.3,2362.749
12.52,557.45,418.18,-1.92,-1.55,0.3,2372.7839999999997
12.52,557.45,418.18,-1.92,-1.55,0.3,2382.736
12.52,557.45,418.18,-1.92,-1.55,0.3,2392.732
12.52,557.45,418.18,-1.92,-1.55,0.3,2402.794
12.52,557.45,418.18,-1.92,-1.55,0.3,2413.747
12.52,557.45,418.18,-1.92,-1.55,0.3,2422.723
12.52,557.45,418.18,-1.92,-1.55,0.3,2432.7459999999996
12.53,557.45,418.18,-1.92,-1.55,0.3,2442.786
12.53,557.44,418.18,-1.92,-1.55,0.3,2452.852
12.53,557.44,418.17,-1.92,-1.55,0.3,2462.698
12.53,557.44,418.17,-1.92,-1.55,0.3,2472.815
12.53,557.45,418.16,-1.92,-1.55,0.3,2482.745
12.53,557.45,418.17,-1.92,-1.55,0.3,2492.788
12.53,557.45,418.17,-1.92,-1.55,0.3,2502.6989999999996
12.53,557.45,418.18,-1.92,-1.55,0.3,2513.75
12.52,557.45,418.19,-1.92,-1.55,0.29,2522.881
12.52,557.45,418.2,-1.92,-1.55,0.29,2532.737
12.51,557.45,418.2,-1.92,-1.55,0.29,2542.7439999999997
12.52,557.45,418.2,-1.92,-1.55,0.29,2555.695
12.52,557.45,418.2,-1.92,-1.55,0.29,2562.7889999999998
12.52,557.45,418.2,-1.92,-1.55,0.29,2572.698
12.52,557.45,418.2,-1.92,-1.55,0.29,2582.783
12.52,557.45,418.2,-1.92,-1.55,0.29,2592.736
12.52,557.45,418.2,-1.92,-1.55,0.29,2602.735
12.52,557.45,418.2,-1.92,-1.55,0.29,2613.7450000000003
12.53,557.45,418.2,-1.92,-1.55,0.29,2622.7360000000003
12.53,557.45,418.2,-1.92,-1.55,0.29,2632.7189999999996
12.52,557.45,418.2,-1.92,-1.55,0.29,2642.7870000000003
12.52,557.45,418.2,-1.92,-1.55,0.29,2652.698
12.52,557.45,418.2,-1.92,-1.55,0.29,2662.7839999999997
12.52,557.45,418.2,-1.92,-1.55,0.29,2672.695
12.52,557.45,418.2,-1.92,-1.55,0.29,2682.713
12.52,557.45,418.2,-1.92,-1.55,0.29,2692.699
12.52,557.45,418.2,-1.92,-1.55,0.29,2702.761
12.52,557.45,418.2,-1.92,-1.55,0.29,2713.752
12.52,557.45,418.2,-1.92,-1.55,0.29,2722.697
12.52,557.45,418.2,-1.92,-1.55,0.29,2732.743
12.52,557.45,418.2,-1.92,-1.55,0.29,2742.8720000000003
12.52,557.45,418.2,-1.92,-1.55,0.29,2752.861
12.52,557.45,418.2,-1.92,-1.55,0.29,2762.802
12.52,557.45,418.21,-1.92,-1.55,0.29,2772.767
12.52,557.45,418.21,-1.92,-1.55,0.29,2782.712
12.52,557.45,418.21,-1.92,-1.55,0.29,2792.7960000000003
12.52,557.45,418.21,-1.92,-1.55,0.29,2802.731
12.52,557.45,418.2,-1.92,-1.55,0.29,2813.754
12.52,557.45,418.2,-1.92,-1.55,0.29,2822.718
12.52,557.45,418.2,-1.92,-1.55,0.29,2835.693
12.52,557.45,418.2,-1.92,-1.55,0.29,2842.698
12.52,557.45,418.2,-1.92,-1.55,0.29,2852.739
12.52,557.45,418.2,-1.92,-1.55,0.29,2862.702
12.52,557.45,418.21,-1.92,-1.55,0.29,2872.87
12.52,557.45,418.21,-1.92,-1.55,0.29,2882.7129999999997
12.52,557.45,418.21,-1.92,-1.55,0.29,2892.816
12.52,557.45,418.21,-1.92,-1.55,0.29,2902.6960000000004
12.52,557.45,418.21,-1.92,-1.55,0.29,2913.739
12.52,557.45,418.21,-1.92,-1.55,0.29,2922.698
12.52,557.45,418.2,-1.92,-1.55,0.29,2932.8340000000003
12.52,557.45,418.2,-1.92,-1.55,0.29,2942.739
12.52,557.45,418.2,-1.92,-1.55,0.29,2952.789
12.52,557.45,418.2,-1.92,-1.55,0.29,2962.697
12.52,557.45,418.2,-1.92,-1.55,0.29,2972.863
12.52,557.45,418.2,-1.92,-1.55,0.29,2982.697
12.52,557.45,418.21,-1.92,-1.55,0.29,2992.723
12.52,557.45,418.21,-1.92,-1.55,0.29,3002.6929999999998
12.52,557.45,418.21,-1.92,-1.55,0.29,3012.714
12.52,557.45,418.21,-1.92,-1.55,0.29,3022.806
12.52,557.45,418.21,-1.92,-1.55,0.29,3032.697
12.52,557.45,418.21,-1.92,-1.55,0.29,3043.699
12.52,557.45,418.21,-1.92,-1.55,0.29,3052.86
12.52,557.45,418.2,-1.92,-1.55,0.29,3062.6980000000003
12.52,557.45,418.2,-1.92,-1.55,0.29,3072.7129999999997
12.52,557.45,418.2,-1.92,-1.55,0.29,3082.799
12.52,557.45,418.2,-1.92,-1.55,0.29,3092.696
12.52,557.45,418.21,-1.92,-1.55,0.29,3102.6980000000003
12.52,557.45,418.21,-1.92,-1.55,0.29,3113.699
12.52,557.45,418.21,-1.92,-1.55,0.29,3125.696
12.52,557.45,418.21,-1.92,-1.55,0.29,3132.698
12.52,557.45,418.21,-1.92,-1.55,0.29,3142.735
12.52,557.45,418.21,-1.92,-1.55,0.29,3152.781
12.52,557.45,418.21,-1.92,-1.55,0.29,3162.793
12.52,557.45,418.23,-1.92,-1.55,0.29,3172.858
12.52,557.47,418.31,-1.91,-1.55,0.29,3182.7000000000003
12.52,557.5,418.47,-1.9,-1.55,0.27,3192.697
12.53,557.56,418.75,-1.89,-1.55,0.26,3202.698
12.53,557.62,419.04,-1.88,-1.55,0.25,3213.741
12.53,557.67,419.33,-1.87,-1.55,0.24,3222.7160000000003
12.53,557.73,419.59,-1.86,-1.55,0.23,3232.868
12.52,557.79,419.82,-1.85,-1.55,0.23,3242.811
12.52,557.83,420.0,-1.85,-1.55,0.22,3252.708
12.52,557.86,420.12,-1.84,-1.55,0.22,3262.818
12.52,557.88,420.18,-1.84,-1.55,0.22,3272.697
12.52,557.88,420.17,-1.84,-1.55,0.22,3282.8360000000002
12.52,557.86,420.11,-1.85,-1.55,0.22,3292.713
12.52,557.83,419.94,-1.85,-1.55,0.23,3302.698
12.52,557.77,419.62,-1.88,-1.55,0.25,3313.752
12.58,557.7,419.3,-1.91,-1.55,0.28,3322.698
12.76,557.75,419.22,-1.89,-1.55,0.27,3332.7909999999997
12.87,557.84,419.45,-1.88,-1.55,0.26,3342.854
12.88,557.85,419.76,-1.87,-1.55,0.24,3352.7
12.94,557.88,420.04,-1.86,-1.55,0.23,3362.804
12.97,557.91,420.25,-1.85,-1.55,0.23,3372.699
12.94,557.91,420.44,-1.85,-1.55,0.22,3382.79
12.92,557.95,420.62,-1.84,-1.55,0.21,3392.728
12.92,557.99,420.81,-1.83,-1.55,0.21,3404.846
12.9,558.02,420.96,-1.83,-1.55,0.2,3413.7430000000004
12.84,558.03,421.09,-1.83,-1.55,0.2,3422.6969999999997
12.78,558.06,421.21,-1.82,-1.55,0.2,3432.709
12.78,558.07,421.31,-1.82,-1.55,0.2,3442.8
12.81,558.08,421.39,-1.82,-1.55,0.2,3452.7839999999997
12.83,558.08,421.44,-1.82,-1.55,0.2,3462.839
12.85,558.07,421.46,-1.83,-1.55,0.2,3472.708
12.86,558.07,421.46,-1.83,-1.55,0.2,3482.862
12.86,558.07,421.45,-1.83,-1.55,0.2,3492.699
12.85,558.07,421.41,-1.83,-1.55,0.2,3502.7940000000003
12.85,558.06,421.38,-1.83,-1.55,0.2,3513.738
12.83,558.05,421.33,-1.83,-1.55,0.2,3522.728
12.82,558.05,421.29,-1.83,-1.55,0.21,3533.742
12.79,558.05,421.26,-1.83,-1.55,0.21,3542.721
12.77,558.05,421.23,-1.83,-1.55,0.21,3552.697
12.76,558.05,421.19,-1.83,-1.55,0.21,3562.805
12.76,558.04,421.15,-1.83,-1.55,0.2,3572.698
12.75,558.03,421.11,-1.83,-1.55,0.2,3582.8250000000003
12.74,558.03,421.08,-1.83,-1.55,0.2,3592.864
12.74,558.03,421.05,-1.83,-1.55,0.2,3602.697
12.73,558.03,421.01,-1.83,-1.55,0.2,3613.7450000000003
12.72,558.02,420.98,-1.83,-1.55,0.2,3622.697
12.71,558.02,420.94,-1.83,-1.55,0.2,3632.793
12.7,558.01,420.9,-1.83,-1.55,0.2,3642.8630000000003
12.68,558.01,420.87,-1.83,-1.55,0.21,3652.7129999999997
12.67,558.0,420.84,-1.83,-1.55,0.21,3662.807
12.66,558.0,420.81,-1.83,-1.55,0.21,3672.699
12.65,557.99,420.77,-1.83,-1.55,0.21,3682.8509999999997
12.65,557.98,420.73,-1.83,-1.55,0.21,3695.741
12.64,557.98,420.71,-1.83,-1.55,0.21,3702.803
12.63,557.98,420.67,-1.84,-1.55,0.21,3713.7400000000002
12.62,557.97,420.64,-1.84,-1.55,0.21,3722.719
12.62,557.97,420.61,-1.84,-1.55,0.21,3732.828
12.61,557.96,420.58,-1.84,-1.55,0.21,3742.7000000000003
12.6,557.96,420.54,-1.84,-1.55,0.21,3752.697
12.6,557.95,420.51,-1.84,-1.55,0.21,3762.844
12.59,557.95,420.48,-1.84,-1.55,0.21,3772.714
12.59,557.94,420.45,-1.84,-1.55,0.22,3782.797
12.58,557.93,420.42,-1.84,-1.55,0.22,3792.823
12.58,557.93,420.39,-1.84,-1.55,0.22,3802.6949999999997
12.58,557.92,420.36,-1.84,-1.55,0.22,3813.746
12.58,557.92,420.33,-1.84,-1.55,0.22,3822.717
12.58,557.91,420.3,-1.85,-1.55,0.22,3832.856
12.57,557.91,420.27,-1.85,-1.55,0.22,3842.716
12.57,557.9,420.23,-1.85,-1.55,0.22,3852.733
12.57,557.89,420.2,-1.85,-1.55,0.22,3862.694
12.57,557.88,420.16,-1.85,-1.55,0.22,3871.6910000000003
12.57,557.88,420.12,-1.85,-1.55,0.23,3882.694
12.57,557.87,420.07,-1.85,-1.55,0.23,3892.8950000000004
12.57,557.86,420.02,-1.85,-1.55,0.23,3902.703
12.57,557.85,419.97,-1.86,-1.55,0.23,3913.751
12.57,557.84,419.91,-1.86,-1.55,0.23,3922.694
12.56,557.83,419.85,-1.86,-1.55,0.24,3932.874
12.56,557.81,419.79,-1.86,-1.55,0.24,3942.725
12.55,557.79,419.7,-1.87,-1.55,0.24,3952.71
12.55,557.77,419.58,-1.87,-1.55,0.25,3962.817
12.54,557.73,419.43,-1.88,-1.55,0.25,3972.709
12.54,557.7,419.24,-1.89,-1.55,0.26,3985.706
12.54,557.68,419.12,-1.89,-1.55,0.27,3992.75
12.54,557.65,418.99,-1.9,-1.55,0.27,4002.878
12.54,557.63,418.87,-1.9,-1.55,0.28,4012.873
12.55,557.61,418.77,-1.91,-1.55,0.28,4022.73
12.55,557.6,418.7,-1.91,-1.55,0.28,4032.871
12.55,557.59,418.66,-1.91,-1.55,0.28,4042.822
12.55,557.59,418.65,-1.91,-1.55,0.29,4052.8769999999995
12.54,557.59,418.64,-1.91,-1.55,0.29,4063.7400000000002
12.54,557.58,418.62,-1.91,-1.55,0.29,4079.735
12.54,557.58,418.62,-1.91,-1.55,0.29,4082.795
12.53,557.58,418.61,-1.91,-1.55,0.29,4092.7
12.54,557.58,418.6,-1.91,-1.55,0.29,4102.767
12.54,557.58,418.58,-1.91,-1.55,0.29,4113.734
12.54,557.57,418.58,-1.91,-1.55,0.29,4122.8769999999995
12.54,557.57,418.56,-1.91,-1.55,0.29,4132.865
12.54,557.57,418.55,-1.91,-1.55,0.29,4142.802
12.54,557.56,418.54,-1.92,-1.55,0.29,4152.6990000000005
12.54,557.56,418.53,-1.92,-1.55,0.29,4162.706
12.54,557.56,418.52,-1.92,-1.55,0.29,4172.804
12.54,557.56,418.51,-1.92,-1.55,0.29,4182.833
12.54,557.55,418.5,-1.92,-1.55,0.29,4192.856
12.54,557.55,418.5,-1.92,-1.55,0.29,4202.7390000000005
12.54,557.55,418.49,-1.92,-1.55,0.29,4213.759999999999
12.54,557.55,418.48,-1.92,-1.55,0.29,4222.713
12.54,557.55,418.47,-1.92,-1.55,0.29,4232.795
12.54,557.54,418.46,-1.92,-1.55,0.29,4242.853
12.54,557.54,418.45,-1.92,-1.55,0.29,4252.713
12.54,557.54,418.44,-1.92,-1.55,0.29,4265.695
12.54,557.54,418.43,-1.92,-1.55,0.29,4272.867
12.54,557.53,418.42,-1.92,-1.55,0.29,4282.864
12.54,557.53,418.41,-1.92,-1.55,0.3,4292.713
12.54,557.53,418.41,-1.92,-1.55,0.3,4302.853
12.54,557.53,418.4,-1.92,-1.55,0.3,4313.744
12.54,557.52,418.39,-1.92,-1.55,0.3,4322.861
12.54,557.52,418.38,-1.92,-1.55,0.3,4332.867
12.54,557.52,418.37,-1.92,-1.55,0.3,4342.7
12.54,557.52,418.36,-1.92,-1.55,0.3,4354.693
12.54,557.52,418.36,-1.92,-1.55,0.3,4362.701
12.54,557.51,418.35,-1.92,-1.55,0.3,4372.693
12.54,557.51,418.34,-1.92,-1.55,0.3,4382.6900000000005
12.54,557.51,418.33,-1.92,-1.55,0.3,4393.693
12.54,557.51,418.32,-1.92,-1.55,0.3,4402.726000000001
12.54,557.51,418.32,-1.92,-1.55,0.3,4413.7339999999995
12.54,557.5,418.31,-1.93,-1.55,0.3,4422.727
12.54,557.5,418.3,-1.93,-1.55,0.3,4439.726000000001
12.54,557.5,418.29,-1.93,-1.55,0.3,4442.69
12.54,557.5,418.28,-1.93,-1.55,0.3,4452.737
12.54,557.49,418.27,-1.93,-1.55,0.3,4462.73
12.54,557.49,418.26,-1.93,-1.55,0.3,4472.702
12.54,557.48,418.23,-1.93,-1.55,0.3,4482.748
12.54,557.47,418.2,-1.93,-1.55,0.3,4492.726000000001
12.53,557.46,418.17,-1.93,-1.55,0.31,4502.744
12.53,557.46,418.14,-1.93,-1.55,0.31,4513.695000000001
12.53,557.46,418.12,-1.93,-1.55,0.31,4522.691
12.53,557.46,418.11,-1.93,-1.55,0.31,4532.69
12.53,557.45,418.1,-1.93,-1.55,0.31,4542.693
12.52,557.45,418.1,-1.93,-1.55,0.31,4555.7210000000005
12.52,557.45,418.1,-1.93,-1.55,0.31,4562.816
12.52,557.45,418.11,-1.93,-1.55,0.31,4572.909000000001
12.52,557.45,418.11,-1.93,-1.55,0.31,4582.740000000001
12.52,557.45,418.12,-1.93,-1.55,0.31,4592.7519999999995
12.52,557.45,418.13,-1.93,-1.55,0.31,4602.744000000001
12.52,557.45,418.13,-1.93,-1.55,0.31,4613.755
12.52,557.45,418.14,-1.93,-1.55,0.31,4622.951999999999
12.52,557.45,418.14,-1.93,-1.55,0.31,4632.741
12.52,557.45,418.14,-1.93,-1.55,0.31,4642.869
12.52,557.45,418.14,-1.93,-1.55,0.31,4652.855
12.52,557.45,418.15,-1.93,-1.55,0.31,4662.831
12.52,557.45,418.15,-1.93,-1.55,0.31,4672.916
12.52,557.45,418.16,-1.93,-1.55,0.31,4682.863
12.52,557.45,418.16,-1.93,-1.55,0.31,4692.923000000001
12.52,557.44,418.17,-1.93,-1.55,0.31,4702.829000000001
12.52,557.44,418.17,-1.93,-1.55,0.31,4713.743
12.52,557.44,418.17,-1.93,-1.55,0.31,4722.749000000001
12.52,557.44,418.17,-1.93,-1.55,0.31,4732.921
12.52,557.44,418.17,-1.93,-1.55,0.31,4742.740000000001
12.52,557.44,418.18,-1.93,-1.55,0.3,4752.920999999999
12.52,557.44,418.18,-1.93,-1.55,0.3,4762.758
12.52,557.44,418.18,-1.93,-1.55,0.3,4772.753
12.52,557.44,418.18,-1.93,-1.55,0.3,4782.871
12.52,557.44,418.18,-1.93,-1.55,0.3,4792.932000000001
12.52,557.44,418.18,-1.93,-1.55,0.3,4802.848
12.52,557.44,418.18,-1.93,-1.55,0.3,4813.742
12.52,557.44,418.18,-1.93,-1.55,0.3,4822.749
12.52,557.44,418.18,-1.93,-1.55,0.3,4835.738
12.52,557.44,418.19,-1.93,-1.55,0.3,4842.755999999999
12.52,557.44,418.19,-1.93,-1.55,0.3,4852.933
12.52,557.44,418.19,-1.93,-1.55,0.3,4862.744000000001
12.52,557.44,418.19,-1.93,-1.55,0.3,4872.923
12.52,557.44,418.19,-1.93,-1.55,0.3,4882.856000000001
12.52,557.44,418.19,-1.93,-1.55,0.3,4892.911
12.52,557.44,418.19,-1.93,-1.55,0.3,4902.866
12.52,557.44,418.19,-1.93,-1.55,0.3,4913.7789999999995
12.52,557.44,418.19,-1.93,-1.55,0.3,4922.918000000001
12.52,557.44,418.19,-1.93,-1.55,0.3,4932.757
12.52,557.44,418.19,-1.93,-1.55,0.3,4942.921
12.52,557.44,418.19,-1.93,-1.55,0.3,4952.848
12.52,557.44,418.19,-1.93,-1.55,0.3,4963.741
12.52,557.44,418.19,-1.93,-1.55,0.3,4973.741
12.55,557.44,418.16,-1.93,-1.55,0.31,4982.9220000000005
12.55,557.44,418.16,-1.93,-1.55,0.31,4991.906
12.55,557.44,418.16,-1.93,-1.55,0.31,5002.808
12.55,557.44,418.16,-1.93,-1.55,0.31,5012.804
12.55,557.44,418.16,-1.93,-1.55,0.31,5021.951
12.55,557.44,418.16,-1.93,-1.55,0.31,5032.809
12.55,557.44,418.16,-1.93,-1.55,0.31,5041.95
12.55,557.44,418.16,-1.93,-1.55,0.31,5052.832
12.55,557.44,418.16,-1.93,-1.55,0.31,5061.959
12.55,557.44,418.16,-1.93,-1.55,0.31,5071.806
12.55,557.44,418.16,-1.93,-1.55,0.31,5082.804
12.55,557.44,418.16,-1.93,-1.55,0.31,5092.81
12.55,557.44,418.16,-1.93,-1.55,0.31,5102.803
12.55,557.44,418.16,-1.93,-1.55,0.31,5112.819
12.55,557.44,418.16,-1.93,-1.55,0.31,5124.817
12.55,557.44,418.16,-1.93,-1.55,0.31,5132.807
12.55,557.44,418.16,-1.93,-1.55,0.31,5141.952
12.55,557.44,418.16,-1.93,-1.55,0.31,5151.802
12.55,557.44,418.16,-1.93,-1.55,0.31,5164.799999999999
12.55,557.44,418.16,-1.93,-1.55,0.31,5180.799999999999
12.55,557.44,418.16,-1.93,-1.55,0.31,5186.799
12.55,557.44,418.16,-1.93,-1.55,0.31,5192.8
12.55,557.44,418.16,-1.93,-1.55,0.31,5202.804
12.55,557.44,418.16,-1.93,-1.55,0.31,5223.8009999999995
12.55,557.44,418.16,-1.93,-1.55,0.31,5223.8009999999995
12.55,557.44,418.16,-1.93,-1.55,0.31,5231.809
12.55,557.44,418.16,-1.93,-1.55,0.31,5241.81
12.55,557.44,418.16,-1.93,-1.55,0.31,5251.805
12.55,557.44,418.16,-1.93,-1.55,0.31,5262.809
12.55,557.44,418.16,-1.93,-1.55,0.31,5271.81
12.55,557.44,418.16,-1.93,-1.55,0.31,5281.81
12.55,557.44,418.16,-1.93,-1.55,0.31,5292.82
12.55,557.44,418.16,-1.93,-1.55,0.31,5301.894
12.55,557.44,418.16,-1.93,-1.55,0.31,5313.833
12.55,557.44,418.16,-1.93,-1.55,0.31,5322.808
12.55,557.44,418.16,-1.93,-1.55,0.31,5331.891
12.55,557.44,418.16,-1.93,-1.55,0.31,5342.81
12.55,557.44,418.16,-1.93,-1.55,0.31,5352.822
12.55,557.44,418.16,-1.93,-1.55,0.31,5362.821
12.55,557.44,418.16,-1.93,-1.55,0.31,5371.857999999999
12.55,557.44,418.16,-1.93,-1.55,0.31,5381.847
12.55,557.44,418.16,-1.93,-1.55,0.31,5391.8
12.55,557.44,418.16,-1.93,-1.55,0.31,5404.806
12.55,557.44,418.16,-1.93,-1.55,0.31,5412.81
12.55,557.44,418.16,-1.93,-1.55,0.31,5421.807000000001
12.55,557.44,418.16,-1.93,-1.55,0.31,5431.803000000001
12.55,557.44,418.16,-1.93,-1.55,0.31,5442.801
12.55,557.44,418.16,-1.93,-1.55,0.31,5452.809
12.55,557.44,418.16,-1.93,-1.55,0.31,5461.972000000001
12.55,557.44,418.16,-1.93,-1.55,0.31,5471.974
12.55,557.44,418.16,-1.93,-1.55,0.31,5482.803
12.55,557.44,418.16,-1.93,-1.55,0.31,5491.977999999999
12.55,557.44,418.16,-1.93,-1.55,0.31,5501.97
12.55,557.44,418.16,-1.93,-1.55,0.31,5512.840999999999
12.55,557.44,418.16,-1.93,-1.55,0.31,5522.807000000001
12.55,557.44,418.16,-1.93,-1.55,0.31,5532.804999999999
12.55,557.44,418.16,-1.93,-1.55,0.31,5541.97
12.55,557.44,418.16,-1.93,-1.55,0.31,5551.972
12.55,557.44,418.16,-1.93,-1.55,0.31,5561.802
12.55,557.44,418.16,-1.93,-1.55,0.31,5572.845
12.55,557.44,418.16,-1.93,-1.55,0.31,5582.802
12.55,557.44,418.16,-1.93,-1.55,0.31,5592.8009999999995
12.55,557.44,418.16,-1.93,-1.55,0.31,5601.978
12.55,557.44,418.16,-1.93,-1.55,0.31,5612.814
12.55,557.44,418.16,-1.93,-1.55,0.31,5622.82
12.55,557.44,418.16,-1.93,-1.55,0.31,5631.973999999999
12.55,557.44,418.16,-1.93,-1.55,0.31,5642.801
12.55,557.44,418.16,-1.93,-1.55,0.31,5652.802000000001
12.55,557.44,418.16,-1.93,-1.55,0.31,5661.9710000000005
12.55,557.44,418.16,-1.93,-1.55,0.31,5671.815
12.55,557.44,418.16,-1.93,-1.55,0.31,5682.813
12.55,557.44,418.16,-1.93,-1.55,0.31,5694.802000000001
12.55,557.44,418.16,-1.93,-1.55,0.31,5702.8150000000005
12.55,557.44,418.16,-1.93,-1.55,0.31,5712.868
12.55,557.44,418.16,-1.93,-1.55,0.31,5721.813
12.55,557.44,418.16,-1.93,-1.55,0.31,5732.821000000001
12.55,557.44,418.16,-1.93,-1.55,0.31,5741.802
12.55,557.44,418.16,-1.93,-1.55,0.31,5752.8009999999995
12.55,557.44,418.16,-1.93,-1.55,0.31,5761.971
12.55,557.44,418.16,-1.93,-1.55,0.31,5772.8099999999995
12.55,557.44,418.16,-1.93,-1.55,0.31,5781.973
12.55,557.44,418.16,-1.93,-1.55,0.31,5792.8009999999995
12.55,557.44,418.16,-1.93,-1.55,0.31,5801.977
12.55,557.44,418.16,-1.93,-1.55,0.31,5812.804
12.55,557.44,418.16,-1.93,-1.55,0.31,5836.8
12.55,557.44,418.16,-1.93,-1.55,0.31,5836.8
12.55,557.44,418.16,-1.93,-1.55,0.31,5850.799999999999
12.55,557.44,418.16,-1.93,-1.55,0.31,5857.802000000001
12.55,557.44,418.16,-1.93,-1.55,0.31,5861.799
12.55,557.44,418.16,-1.93,-1.55,0.31,5871.798
12.55,557.44,418.16,-1.93,-1.55,0.31,5881.934
12.55,557.44,418.16,-1.93,-1.55,0.31,5892.825
12.55,557.44,418.16,-1.93,-1.55,0.31,5901.936
12.55,557.44,418.16,-1.93,-1.55,0.31,5912.816000000001
12.55,557.44,418.16,-1.93,-1.55,0.31,5922.8009999999995
12.55,557.44,418.16,-1.93,-1.55,0.31,5931.977
12.55,557.44,418.16,-1.93,-1.55,0.31,5941.813
12.55,557.44,418.16,-1.93,-1.55,0.31,5952.803
12.55,557.44,418.16,-1.93,-1.55,0.31,5961.825
12.55,557.44,418.16,-1.93,-1.55,0.31,5971.806
12.55,557.44,418.16,-1.93,-1.55,0.31,5984.826
12.55,557.44,418.16,-1.93,-1.55,0.31,5992.807
12.55,557.44,418.16,-1.93,-1.55,0.31,6001.973
12.55,557.44,418.16,-1.93,-1.55,0.31,6012.8060000000005
12.55,557.44,418.16,-1.93,-1.55,0.31,6021.974
12.55,557.44,418.16,-1.93,-1.55,0.31,6031.975
12.55,557.44,418.16,-1.93,-1.55,0.31,6042.8009999999995
12.55,557.44,418.16,-1.93,-1.55,0.31,6052.803
12.55,557.44,418.16,-1.93,-1.55,0.31,6061.872
12.55,557.44,418.16,-1.93,-1.55,0.31,6072.807
12.55,557.44,418.16,-1.93,-1.55,0.31,6087.8009999999995
12.55,557.44,418.16,-1.93,-1.55,0.31,6092.804
12.55,557.44,418.16,-1.93,-1.55,0.31,6102.808
12.55,557.44,418.16,-1.93,-1.55,0.31,6112.968000000001
12.55,557.44,418.16,-1.93,-1.55,0.31,6121.976
12.55,557.44,418.16,-1.93,-1.55,0.31,6132.949
12.55,557.44,418.16,-1.93,-1.55,0.31,6141.971
12.55,557.44,418.16,-1.93,-1.55,0.31,6152.802000000001
12.55,557.44,418.16,-1.93,-1.55,0.31,6161.829
12.55,557.44,418.16,-1.93,-1.55,0.31,6172.81
12.55,557.44,418.16,-1.93,-1.55,0.31,6181.804999999999
12.55,557.44,418.16,-1.93,-1.55,0.31,6192.808999999999
12.55,557.44,418.16,-1.93,-1.55,0.31,6202.0
12.55,557.44,418.16,-1.93,-1.55,0.31,6212.978999999999
12.54,557.44,418.16,-1.93,-1.55,0.31,6221.969999999999
12.54,557.44,418.16,-1.93,-1.55,0.31,6231.973
12.54,557.44,418.16,-1.93,-1.55,0.31,6242.817
12.54,557.44,418.16,-1.93,-1.55,0.31,6251.816
12.54,557.44,418.16,-1.93,-1.55,0.31,6264.960999999999
12.54,557.44,418.16,-1.93,-1.55,0.31,6272.802000000001
12.54,557.44,418.16,-1.93,-1.55,0.31,6281.9710000000005
12.54,557.44,418.16,-1.93,-1.55,0.31,6292.807
12.54,557.44,418.16,-1.93,-1.55,0.31,6302.829
12.54,557.44,418.16,-1.93,-1.55,0.31,6312.812
12.54,557.44,418.16,-1.93,-1.55,0.31,6322.817
12.53,557.44,418.16,-1.93,-1.55,0.31,6331.974
12.52,557.44,418.16,-1.93,-1.55,0.31,6342.8009999999995
12.52,557.44,418.16,-1.93,-1.55,0.31,6352.808999999999
12.51,557.44,418.16,-1.93,-1.55,0.31,6361.807
12.51,557.44,418.16,-1.93,-1.55,0.31,6372.830000000001
12.51,557.44,418.16,-1.93,-1.55,0.31,6381.97
12.51,557.44,418.16,-1.93,-1.55,0.31,6393.8009999999995
12.51,557.44,418.16,-1.93,-1.55,0.31,6402.820000000001
12.51,557.44,418.16,-1.93,-1.55,0.31,6412.813
12.51,557.44,418.16,-1.93,-1.55,0.31,6422.82
12.51,557.44,418.16,-1.93,-1.55,0.31,6431.973
12.51,557.44,418.16,-1.93,-1.55,0.31,6442.0
12.51,557.44,418.16,-1.93,-1.55,0.31,6451.803
12.51,557.44,418.16,-1.93,-1.55,0.31,6462.8009999999995
12.51,557.44,418.16,-1.93,-1.55,0.31,6471.803000000001
12.51,557.44,418.16,-1.93,-1.55,0.31,6481.816
12.51,557.44,418.16,-1.93,-1.55,0.31,6492.801
12.51,557.44,418.16,-1.93,-1.55,0.31,6501.973
12.51,557.44,418.16,-1.93,-1.55,0.31,6512.991999999999
12.51,557.44,418.16,-1.93,-1.55,0.31,6521.973
12.51,557.44,418.16,-1.93,-1.55,0.31,6532.809
12.51,557.44,418.16,-1.93,-1.55,0.31,6542.830999999999
12.51,557.44,418.16,-1.93,-1.55,0.31,6554.862
12.51,557.44,418.16,-1.93,-1.55,0.31,6561.811
12.51,557.44,418.16,-1.93,-1.55,0.31,6572.844
12.51,557.44,418.16,-1.93,-1.55,0.31,6581.978999999999
12.51,557.44,418.16,-1.93,-1.55,0.31,6591.986000000001
12.51,557.44,418.16,-1.93,-1.55,0.31,6602.801
12.51,557.44,418.16,-1.93,-1.55,0.31,6612.99
12.51,557.44,418.16,-1.93,-1.55,0.31,6621.975
12.51,557.44,418.16,-1.93,-1.55,0.31,6631.991
12.51,557.44,418.16,-1.93,-1.55,0.31,6642.801
12.51,557.44,418.16,-1.93,-1.55,0.31,6651.972
12.51,557.44,418.16,-1.93,-1.55,0.31,6662.972
12.51,557.44,418.16,-1.93,-1.55,0.31,6672.8009999999995
12.51,557.44,418.16,-1.93,-1.55,0.31,6682.801
12.51,557.44,418.16,-1.93,-1.55,0.31,6692.8330000000005
12.51,557.44,418.16,-1.93,-1.55,0.31,6701.97
12.51,557.44,418.16,-1.93,-1.55,0.31,6712.996999999999
12.51,557.44,418.16,-1.93,-1.55,0.31,6721.974
12.51,557.44,418.16,-1.93,-1.55,0.31,6732.802000000001
12.51,557.44,418.16,-1.93,-1.55,0.31,6741.972
12.51,557.44,418.16,-1.93,-1.55,0.31,6751.973999999999
12.51,557.44,418.16,-1.93,-1.55,0.31,6761.804
12.51,557.44,418.16,-1.93,-1.55,0.31,6772.808
12.51,557.44,418.16,-1.93,-1.55,0.31,6782.818
12.51,557.44,418.16,-1.93,-1.55,0.31,6791.97
12.51,557.44,418.16,-1.93,-1.55,0.31,6801.961
12.51,557.44,418.16,-1.93,-1.55,0.31,6812.997
12.51,557.44,418.16,-1.93,-1.55,0.31,6821.97
12.51,557.44,418.16,-1.93,-1.55,0.31,6834.825000000001
12.51,557.44,418.16,-1.93,-1.55,0.31,6842.854
12.51,557.44,418.16,-1.93,-1.55,0.31,6852.820000000001
12.51,557.44,418.16,-1.93,-1.55,0.31,6861.804
12.51,557.44,418.16,-1.93,-1.55,0.31,6872.812
12.51,557.44,418.16,-1.93,-1.55,0.31,6882.807
12.51,557.44,418.16,-1.93,-1.55,0.31,6892.804
12.51,557.44,418.16,-1.93,-1.55,0.31,6901.91
12.51,557.44,418.16,-1.93,-1.55,0.31,6912.972
12.51,557.44,418.16,-1.93,-1.55,0.31,6921.815
12.51,557.44,418.16,-1.93,-1.55,0.31,6931.804
12.51,557.44,418.16,-1.93,-1.55,0.31,6941.811000000001
12.51,557.44,418.16,-1.93,-1.55,0.31,6952.801
12.51,557.44,418.16,-1.93,-1.55,0.31,6962.802
12.51,557.44,418.16,-1.93,-1.55,0.31,6972.8009999999995
12.51,557.44,418.16,-1.93,-1.55,0.31,6981.971
12.51,557.44,418.16,-1.93,-1.55,0.31,6992.808
12.51,557.44,418.16,-1.93,-1.55,0.31,7001.972000000001
12.51,557.44,418.16,-1.93,-1.55,0.31,7012.893
12.51,557.44,418.16,-1.93,-1.55,0.31,7021.971
12.51,557.44,418.16,-1.93,-1.55,0.31,7032.807
12.51,557.44,418.16,-1.93,-1.55,0.31,7041.977
12.51,557.44,418.16,-1.93,-1.55,0.31,7051.973
12.51,557.44,418.16,-1.93,-1.55,0.31,7062.8099999999995
12.51,557.44,418.16,-1.93,-1.55,0.31,7071.976000000001
12.51,557.44,418.16,-1.93,-1.55,0.31,7082.817
12.51,557.44,418.16,-1.93,-1.55,0.31,7091.973999999999
12.51,557.44,418.16,-1.93,-1.55,0.31,7101.972
12.51,557.44,418.16,-1.93,-1.55,0.31,7112.9980000000005
12.51,557.44,418.16,-1.93,-1.55,0.31,7124.807
12.51,557.44,418.16,-1.93,-1.55,0.31,7132.976000000001
12.51,557.44,418.16,-1.93,-1.55,0.31,7141.973
12.51,557.44,418.16,-1.93,-1.55,0.31,7151.972
12.51,557.44,418.16,-1.93,-1.55,0.31,7162.802
12.51,557.44,418.16,-1.93,-1.55,0.31,7171.979
12.51,557.44,418.16,-1.93,-1.55,0.31,7182.807000000001
12.51,557.44,418.16,-1.93,-1.55,0.31,7191.972
12.51,557.44,418.16,-1.93,-1.55,0.31,7202.811
12.51,557.44,418.16,-1.93,-1.55,0.31,7212.816
12.51,557.44,418.16,-1.93,-1.55,0.31,7222.818
12.51,557.44,418.16,-1.93,-1.55,0.31,7232.829
12.51,557.44,418.16,-1.93,-1.55,0.31,7242.808
12.51,557.44,418.16,-1.93,-1.55,0.31,7252.807
12.51,557.44,418.16,-1.93,-1.55,0.31,7262.8240000000005
12.51,557.44,418.16,-1.93,-1.55,0.31,7271.972
12.51,557.44,418.16,-1.93,-1.55,0.31,7282.818
12.51,557.44,418.16,-1.93,-1.55,0.31,7291.974
12.51,557.44,418.16,-1.93,-1.55,0.31,7302.81
12.51,557.44,418.16,-1.93,-1.55,0.31,7313.004
12.51,557.44,418.16,-1.93,-1.55,0.31,7322.856
12.51,557.44,418.16,-1.93,-1.55,0.31,7332.164
12.51,557.44,418.16,-1.93,-1.55,0.31,7342.1630000000005
12.51,557.44,418.16,-1.93,-1.55,0.31,7351.996
12.51,557.44,418.16,-1.93,-1.55,0.31,7362.155
12.51,557.44,418.16,-1.93,-1.55,0.31,7372.141
12.51,557.44,418.16,-1.93,-1.55,0.31,7382.151000000001
12.51,557.44,418.16,-1.93,-1.55,0.31,7391.993
12.51,557.44,418.16,-1.93,-1.55,0.31,7402.17
12.51,557.44,418.16,-1.93,-1.55,0.31,7413.178
12.51,557.44,418.16,-1.93,-1.55,0.31,7422.176
12.51,557.44,418.16,-1.93,-1.55,0.31,7431.995
12.51,557.44,418.16,-1.93,-1.55,0.31,7442.997
12.51,557.44,418.16,-1.93,-1.55,0.31,7452.16
12.51,557.44,418.16,-1.93,-1.55,0.31,7462.167
12.51,557.44,418.16,-1.93,-1.55,0.31,7471.9980000000005
12.51,557.44,418.16,-1.93,-1.55,0.31,7482.1720000000005
12.51,557.44,418.16,-1.93,-1.55,0.31,7492.996
12.51,557.44,418.16,-1.93,-1.55,0.31,7502.150000000001
12.51,557.44,418.16,-1.93,-1.55,0.31,7513.16
12.51,557.44,418.16,-1.93,-1.55,0.31,7522.153
12.51,557.44,418.16,-1.93,-1.55,0.31,7532.153
12.51,557.44,418.16,-1.93,-1.55,0.31,7542.155
12.51,557.44,418.16,-1.93,-1.55,0.31,7552.233
12.51,557.44,418.16,-1.93,-1.55,0.31,7562.088
12.51,557.44,418.16,-1.93,-1.55,0.31,7574.077
12.51,557.44,418.16,-1.93,-1.55,0.31,7582.112
12.51,557.44,418.16,-1.93,-1.55,0.31,7592.0740000000005
12.51,557.44,418.16,-1.93,-1.55,0.31,7602.072
12.51,557.44,418.16,-1.93,-1.55,0.31,7613.1089999999995
12.51,557.44,418.16,-1.93,-1.55,0.31,7630.075
12.51,557.44,418.16,-1.93,-1.55,0.31,7632.072
12.51,557.44,418.16,-1.93,-1.55,0.31,7642.076999999999
12.51,557.44,418.16,-1.93,-1.55,0.31,7652.111
12.51,557.44,418.16,-1.93,-1.55,0.31,7664.077
12.51,557.44,418.16,-1.93,-1.55,0.31,7672.1089999999995
12.51,557.44,418.16,-1.93,-1.55,0.31,7682.106
12.51,557.44,418.16,-1.93,-1.55,0.31,7694.089
12.51,557.44,418.16,-1.93,-1.55,0.31,7702.109
12.51,557.44,418.16,-1.93,-1.55,0.31,7713.089
12.51,557.44,418.16,-1.93,-1.55,0.31,7722.131
12.51,557.44,418.16,-1.93,-1.55,0.31,7732.111
12.51,557.44,418.16,-1.93,-1.55,0.31,7742.108
12.51,557.44,418.16,-1.93,-1.55,0.31,7752.108
12.51,557.44,418.16,-1.93,-1.55,0.31,7762.106
12.51,557.44,418.16,-1.93,-1.55,0.31,7773.081999999999
12.51,557.44,418.16,-1.93,-1.55,0.31,7782.247
12.51,557.44,418.16,-1.93,-1.55,0.31,7792.246999999999
12.51,557.44,418.16,-1.93,-1.55,0.31,7802.246
12.51,557.44,418.16,-1.93,-1.55,0.31,7813.244
12.51,557.44,418.16,-1.93,-1.55,0.31,7822.2480000000005
12.51,557.44,418.16,-1.93,-1.55,0.31,7832.25
12.51,557.44,418.16,-1.93,-1.55,0.31,7842.249
12.51,557.44,418.16,-1.93,-1.55,0.31,7852.246
12.51,557.44,418.16,-1.93,-1.55,0.31,7862.2480000000005
12.51,557.44,418.16,-1.93,-1.55,0.31,7872.245999999999
12.51,557.44,418.16,-1.93,-1.55,0.31,7882.267
12.51,557.44,418.16,-1.93,-1.55,0.31,7892.251
12.51,557.44,418.16,-1.93,-1.55,0.31,7902.249000000001
12.51,557.44,418.16,-1.93,-1.55,0.31,7913.253
12.51,557.44,418.16,-1.93,-1.55,0.31,7922.251
12.51,557.44,418.16,-1.93,-1.55,0.31,7932.238
12.51,557.44,418.16,-1.93,-1.55,0.31,7942.246
12.51,557.44,418.16,-1.93,-1.55,0.31,7952.246
12.51,557.44,418.16,-1.93,-1.55,0.31,7962.251
12.51,557.44,418.16,-1.93,-1.55,0.31,7972.251
12.51,557.44,418.16,-1.93,-1.55,0.31,7985.087
12.51,557.44,418.16,-1.93,-1.55,0.31,7993.184
12.51,557.44,418.16,-1.93,-1.55,0.31,8002.250999999999
12.51,557.44,418.16,-1.93,-1.55,0.31,8012.239
12.51,557.44,418.16,-1.93,-1.55,0.31,8022.251000000001
12.51,557.44,418.16,-1.93,-1.55,0.31,8032.076
12.51,557.44,418.16,-1.93,-1.55,0.31,8042.246
12.51,557.44,418.16,-1.93,-1.55,0.31,8052.249
12.51,557.44,418.16,-1.93,-1.55,0.31,8062.265
12.51,557.44,418.16,-1.93,-1.55,0.31,8072.250999999999
12.51,557.44,418.16,-1.93,-1.55,0.31,8082.253
12.51,557.44,418.16,-1.93,-1.55,0.31,8097.250000000001
12.51,557.44,418.16,-1.93,-1.55,0.31,8102.248
12.51,557.44,418.16,-1.93,-1.55,0.31,8113.253000000001
12.51,557.44,418.16,-1.93,-1.55,0.31,8122.256
12.51,557.44,418.16,-1.93,-1.55,0.31,8132.243
12.51,557.44,418.16,-1.93,-1.55,0.31,8142.245000000001
12.51,557.44,418.16,-1.93,-1.55,0.31,8152.267
12.51,557.44,418.16,-1.93,-1.55,0.31,8162.25
12.51,557.44,418.16,-1.93,-1.55,0.31,8172.239
12.51,557.44,418.16,-1.93,-1.55,0.31,8182.245
12.51,557.44,418.16,-1.93,-1.55,0.31,8192.247
12.51,557.44,418.16,-1.93,-1.55,0.31,8202.246000000001
12.51,557.44,418.16,-1.93,-1.55,0.31,8213.243999999999
12.51,557.44,418.16,-1.93,-1.55,0.31,8223.077
12.51,557.44,418.16,-1.93,-1.55,0.31,8232.237
12.51,557.44,418.16,-1.93,-1.55,0.31,8242.245
12.51,557.44,418.16,-1.93,-1.55,0.31,8252.246
12.51,557.44,418.16,-1.93,-1.55,0.31,8262.256000000001
12.51,557.44,418.16,-1.93,-1.55,0.31,8272.248
12.51,557.44,418.16,-1.93,-1.55,0.31,8282.246000000001
12.51,557.44,418.16,-1.93,-1.55,0.31,8292.242999999999
12.51,557.44,418.16,-1.93,-1.55,0.31,8302.253999999999
12.51,557.44,418.16,-1.93,-1.55,0.31,8313.247000000001
12.51,557.44,418.16,-1.93,-1.55,0.31,8322.245
12.51,557.44,418.16,-1.93,-1.55,0.31,8332.091999999999
12.51,557.44,418.16,-1.93,-1.55,0.31,8342.248
12.51,557.44,418.16,-1.93,-1.55,0.31,8352.241
12.51,557.44,418.16,-1.93,-1.55,0.31,8362.251
12.51,557.44,418.16,-1.93,-1.55,0.31,8372.242
12.51,557.44,418.16,-1.93,-1.55,0.31,8382.246000000001
12.51,557.44,418.16,-1.93,-1.55,0.31,8392.11
12.51,557.44,418.16,-1.93,-1.55,0.31,8402.252
12.51,557.44,418.16,-1.93,-1.55,0.31,8413.247
12.51,557.44,418.16,-1.93,-1.55,0.31,8422.246
12.51,557.44,418.16,-1.93,-1.55,0.31,8432.247
12.51,557.44,418.16,-1.93,-1.55,0.31,8442.246000000001
12.51,557.44,418.16,-1.93,-1.55,0.31,8452.251
12.51,557.44,418.16,-1.93,-1.55,0.31,8462.247
12.51,557.44,418.16,-1.93,-1.55,0.31,8472.249
12.51,557.44,418.16,-1.93,-1.55,0.31,8482.251
12.51,557.44,418.16,-1.93,-1.55,0.31,8492.247000000001
12.51,557.44,418.16,-1.93,-1.55,0.31,8502.247000000001
12.51,557.44,418.16,-1.93,-1.55,0.31,8513.244
12.51,557.44,418.16,-1.93,-1.55,0.31,8522.251
12.51,557.44,418.16,-1.93,-1.55,0.31,8532.24
12.51,557.44,418.16,-1.93,-1.55,0.31,8542.247
12.51,557.44,418.16,-1.93,-1.55,0.31,8555.253
12.51,557.44,418.16,-1.93,-1.55,0.31,8562.237
12.51,557.44,418.16,-1.93,-1.55,0.31,8572.247000000001
12.51,557.44,418.16,-1.93,-1.55,0.31,8582.246
12.51,557.44,418.16,-1.93,-1.55,0.31,8592.082
12.51,557.44,418.16,-1.93,-1.55,0.31,8602.108
12.51,557.44,418.16,-1.93,-1.55,0.31,8613.251999999999
12.51,557.44,418.16,-1.93,-1.55,0.31,8622.077000000001
12.51,557.44,418.16,-1.93,-1.55,0.31,8633.078
12.51,557.44,418.16,-1.93,-1.55,0.31,8642.251
12.51,557.44,418.16,-1.93,-1.55,0.31,8652.116
12.51,557.44,418.16,-1.93,-1.55,0.31,8662.248
12.51,557.44,418.16,-1.93,-1.55,0.31,8672.243
12.51,557.44,418.16,-1.93,-1.55,0.31,8682.11
12.51,557.44,418.16,-1.93,-1.55,0.31,8692.251
12.51,557.44,418.16,-1.93,-1.55,0.31,8702.246000000001
12.51,557.44,418.16,-1.93,-1.55,0.31,8713.247000000001
12.51,557.44,418.16,-1.93,-1.55,0.31,8722.251
12.51,557.44,418.16,-1.93,-1.55,0.31,8732.247
12.51,557.44,418.16,-1.93,-1.55,0.31,8742.247000000001
12.51,557.44,418.16,-1.93,-1.55,0.31,8752.246
12.51,557.44,418.16,-1.93,-1.55,0.31,8762.246
12.51,557.44,418.16,-1.93,-1.55,0.31,8772.244
12.51,557.44,418.16,-1.93,-1.55,0.31,8782.25
12.51,557.44,418.16,-1.93,-1.55,0.31,8792.249
12.51,557.44,418.16,-1.93,-1.55,0.31,8802.249
12.51,557.44,418.16,-1.93,-1.55,0.31,8813.254
12.51,557.44,418.16,-1.93,-1.55,0.31,8823.081
12.51,557.44,418.16,-1.93,-1.55,0.31,8832.246
12.51,557.44,418.16,-1.93,-1.55,0.31,8845.081
12.51,557.44,418.16,-1.93,-1.55,0.31,8852.239000000001
12.51,557.44,418.16,-1.93,-1.55,0.31,8862.248
12.51,557.44,418.16,-1.93,-1.55,0.31,8872.244
12.51,557.44,418.16,-1.93,-1.55,0.31,8882.267
12.51,557.44,418.16,-1.93,-1.55,0.31,8892.245
12.51,557.44,418.16,-1.93,-1.55,0.31,8902.255000000001
12.51,557.44,418.16,-1.93,-1.55,0.31,8913.244999999999
12.51,557.44,418.16,-1.93,-1.55,0.31,8922.247000000001
12.51,557.44,418.16,-1.93,-1.55,0.31,8932.251
12.51,557.44,418.16,-1.93,-1.55,0.31,8942.244999999999
12.51,557.44,418.16,-1.93,-1.55,0.31,8952.249
12.51,557.44,418.16,-1.93,-1.55,0.31,8962.25
12.51,557.44,418.16,-1.93,-1.55,0.31,8972.241
12.51,557.44,418.16,-1.93,-1.55,0.31,8983.083
12.51,557.44,418.16,-1.93,-1.55,0.31,8992.243
12.51,557.44,418.16,-1.93,-1.55,0.31,9002.251
12.51,557.44,418.16,-1.93,-1.55,0.31,9013.248000000001
12.51,557.44,418.16,-1.93,-1.55,0.31,9022.244999999999
12.51,557.44,418.16,-1.93,-1.55,0.31,9032.25
12.51,557.44,418.16,-1.93,-1.55,0.31,9042.236
12.51,557.44,418.16,-1.93,-1.55,0.31,9052.246000000001
12.51,557.44,418.16,-1.93,-1.55,0.31,9062.247
12.51,557.44,418.16,-1.93,-1.55,0.31,9072.077
12.51,557.44,418.16,-1.93,-1.55,0.31,9082.251
12.51,557.44,418.16,-1.93,-1.55,0.31,9092.269
12.51,557.44,418.16,-1.93,-1.55,0.31,9102.247
12.51,557.44,418.16,-1.93,-1.55,0.31,9113.249
12.51,557.44,418.16,-1.93,-1.55,0.31,9125.192000000001
12.51,557.44,418.16,-1.93,-1.55,0.31,9133.076000000001
12.51,557.44,418.16,-1.93,-1.55,0.31,9142.249
12.51,557.44,418.16,-1.93,-1.55,0.31,9152.247
12.51,557.44,418.16,-1.93,-1.55,0.31,9162.254
12.51,557.44,418.16,-1.93,-1.55,0.31,9172.135
12.51,557.44,418.16,-1.93,-1.55,0.31,9182.245
12.51,557.44,418.16,-1.93,-1.55,0.31,9192.246000000001
12.51,557.44,418.16,-1.93,-1.55,0.31,9202.25
12.51,557.44,418.16,-1.93,-1.55,0.31,9213.253999999999
12.51,557.44,418.16,-1.93,-1.55,0.31,9222.248
12.51,557.44,418.16,-1.93,-1.55,0.31,9232.246
12.51,557.44,418.16,-1.93,-1.55,0.31,9242.246
12.51,557.44,418.16,-1.93,-1.55,0.31,9252.25
12.51,557.44,418.16,-1.93,-1.55,0.31,9263.077
12.51,557.44,418.16,-1.93,-1.55,0.31,9272.111
12.51,557.44,418.16,-1.93,-1.55,0.31,9282.25
12.51,557.44,418.16,-1.93,-1.55,0.31,9292.188
12.51,557.44,418.16,-1.93,-1.55,0.31,9302.248000000001
12.51,557.44,418.16,-1.93,-1.55,0.31,9313.252
12.51,557.44,418.16,-1.93,-1.55,0.31,9322.246
12.51,557.44,418.16,-1.93,-1.55,0.31,9332.25
12.51,557.44,418.16,-1.93,-1.55,0.31,9342.142000000002
12.51,557.44,418.16,-1.93,-1.55,0.31,9352.249
12.51,557.44,418.16,-1.93,-1.55,0.31,9362.249
12.51,557.44,418.16,-1.93,-1.55,0.31,9372.111
12.51,557.44,418.16,-1.93,-1.55,0.31,9382.247
12.51,557.44,418.16,-1.93,-1.55,0.31,9392.073
12.51,557.44,418.16,-1.93,-1.55,0.31,9404.244999999999
12.51,557.44,418.16,-1.93,-1.55,0.31,9413.249
12.51,557.44,418.16,-1.93,-1.55,0.31,9422.243999999999
12.51,557.44,418.16,-1.93,-1.55,0.31,9432.249
12.51,557.44,418.16,-1.93,-1.55,0.31,9442.083
12.51,557.44,418.16,-1.93,-1.55,0.31,9452.248000000001
12.51,557.44,418.16,-1.93,-1.55,0.31,9462.075
12.51,557.44,418.16,-1.93,-1.55,0.31,9472.249
12.51,557.44,418.16,-1.93,-1.55,0.31,9482.255000000001
12.51,557.44,418.16,-1.93,-1.55,0.31,9492.081
12.51,557.44,418.16,-1.93,-1.55,0.31,9502.246
12.51,557.44,418.16,-1.93,-1.55,0.31,9513.248000000001
12.51,557.44,418.16,-1.93,-1.55,0.31,9522.25
12.51,557.44,418.16,-1.93,-1.55,0.31,9533.086000000001
12.51,557.44,418.16,-1.93,-1.55,0.31,9542.082
12.51,557.44,418.16,-1.93,-1.55,0.31,9552.248000000001
12.51,557.44,418.16,-1.93,-1.55,0.31,9562.236
12.51,557.44,418.16,-1.93,-1.55,0.31,9572.243999999999
12.51,557.44,418.16,-1.93,-1.55,0.31,9582.247000000001
12.51,557.44,418.16,-1.93,-1.55,0.31,9592.083999999999
12.51,557.44,418.16,-1.93,-1.55,0.31,9602.092
12.51,557.44,418.16,-1.93,-1.55,0.31,9613.253999999999
12.51,557.44,418.16,-1.93,-1.55,0.31,9622.141
12.51,557.44,418.16,-1.93,-1.55,0.31,9632.243
12.51,557.44,418.16,-1.93,-1.55,0.31,9642.085
12.51,557.44,418.16,-1.93,-1.55,0.31,9652.114
12.51,557.44,418.16,-1.93,-1.55,0.31,9662.262
12.51,557.44,418.16,-1.93,-1.55,0.31,9672.091
12.51,557.44,418.16,-1.93,-1.55,0.31,9682.106
12.51,557.44,418.16,-1.93,-1.55,0.31,9695.086
12.51,557.44,418.16,-1.93,-1.55,0.31,9702.267000000002
12.51,557.44,418.16,-1.93,-1.55,0.31,9713.252
12.51,557.44,418.16,-1.93,-1.55,0.31,9722.255000000001
12.51,557.44,418.16,-1.93,-1.55,0.31,9732.256
12.51,557.44,418.16,-1.93,-1.55,0.31,9742.078
12.51,557.44,418.16,-1.93,-1.55,0.31,9752.25
12.51,557.44,418.16,-1.93,-1.55,0.31,9762.258
12.51,557.44,418.16,-1.93,-1.55,0.31,9772.247
12.51,557.44,418.16,-1.93,-1.55,0.31,9782.244
12.51,557.44,418.16,-1.93,-1.55,0.31,9792.088
12.51,557.44,418.16,-1.93,-1.55,0.31,9802.251
12.51,557.44,418.16,-1.93,-1.55,0.31,9813.255
12.51,557.44,418.16,-1.93,-1.55,0.31,9822.247000000001
12.51,557.44,418.16,-1.93,-1.55,0.31,9832.25
12.51,557.44,418.16,-1.93,-1.55,0.31,9842.076000000001
12.51,557.44,418.16,-1.93,-1.55,0.31,9852.247
12.51,557.44,418.16,-1.93,-1.55,0.31,9862.248
12.51,557.44,418.16,-1.93,-1.55,0.31,9872.247
12.51,557.44,418.16,-1.93,-1.55,0.31,9883.085
12.51,557.44,418.16,-1.93,-1.55,0.31,9892.078
12.51,557.44,418.16,-1.93,-1.55,0.31,9902.25
12.51,557.44,418.16,-1.93,-1.55,0.31,9913.27
12.51,557.44,418.16,-1.93,-1.55,0.31,9922.25
12.51,557.44,418.16,-1.93,-1.55,0.31,9932.249
12.51,557.44,418.16,-1.93,-1.55,0.31,9942.076000000001
12.51,557.44,418.16,-1.93,-1.55,0.31,9952.248000000001
12.51,557.44,418.16,-1.93,-1.55,0.31,9962.246000000001
12.51,557.44,418.16,-1.93,-1.55,0.31,9972.244999999999
12.51,557.44,418.16,-1.93,-1.55,0.31,9985.080999999998
12.51,557.44,418.16,-1.93,-1.55,0.31,9992.077
12.51,557.44,418.16,-1.93,-1.55,0.31,10002.25
12.51,557.44,418.16,-1.93,-1.55,0.31,10013.076
12.51,557.44,418.16,-1.93,-1.55,0.31,10022.247
12.51,557.44,418.16,-1.93,-1.55,0.31,10032.078
12.51,557.44,418.16,-1.93,-1.55,0.31,10043.081
12.51,557.44,418.16,-1.93,-1.55,0.31,10052.25
12.51,557.44,418.16,-1.93,-1.55,0.31,10062.247
12.51,557.44,418.16,-1.93,-1.55,0.31,10072.249
12.51,557.44,418.16,-1.93,-1.55,0.31,10082.252
12.51,557.44,418.16,-1.93,-1.55,0.31,10101.081
12.51,557.44,418.16,-1.93,-1.55,0.31,10102.249
12.51,557.44,418.16,-1.93,-1.55,0.31,10113.244999999999
12.51,557.44,418.16,-1.93,-1.55,0.31,10122.246000000001
12.51,557.44,418.16,-1.93,-1.55,0.31,10132.251999999999
12.51,557.44,418.16,-1.93,-1.55,0.31,10142.242
12.51,557.44,418.16,-1.93,-1.55,0.31,10152.25
12.51,557.44,418.16,-1.93,-1.55,0.31,10162.251
12.51,557.44,418.16,-1.93,-1.55,0.31,10172.246
12.51,557.44,418.16,-1.93,-1.55,0.31,10182.249
12.51,557.44,418.16,-1.93,-1.55,0.31,10192.24
12.51,557.44,418.16,-1.93,-1.55,0.31,10203.077000000001
12.51,557.44,418.16,-1.93,-1.55,0.31,10213.247000000001
12.51,557.44,418.16,-1.93,-1.55,0.31,10222.246000000001
12.51,557.44,418.16,-1.93,-1.55,0.31,10232.241
12.51,557.44,418.16,-1.93,-1.55,0.31,10242.099
12.51,557.44,418.16,-1.93,-1.55,0.31,10252.251
12.51,557.44,418.16,-1.93,-1.55,0.31,10265.084
12.51,557.44,418.16,-1.93,-1.55,0.31,10273.077000000001
12.51,557.44,418.16,-1.93,-1.55,0.31,10282.246000000001
12.51,557.44,418.16,-1.93,-1.55,0.31,10292.244999999999
12.51,557.44,418.16,-1.93,-1.55,0.31,10302.248000000001
12.51,557.44,418.16,-1.93,-1.55,0.31,10313.247000000001
12.51,557.44,418.16,-1.93,-1.55,0.31,10322.106
12.51,557.44,418.16,-1.93,-1.55,0.31,10332.074
12.51,557.44,418.16,-1.93,-1.55,0.31,10342.248
12.51,557.44,418.16,-1.93,-1.55,0.31,10352.251
12.51,557.44,418.16,-1.93,-1.55,0.31,10363.077000000001
12.51,557.44,418.16,-1.93,-1.55,0.31,10372.252
12.51,557.44,418.16,-1.93,-1.55,0.31,10382.251
12.51,557.44,418.16,-1.93,-1.55,0.31,10394.076000000001
12.51,557.44,418.16,-1.93,-1.55,0.31,10402.246
12.51,557.44,418.16,-1.93,-1.55,0.31,10413.259999999998
12.51,557.44,418.16,-1.93,-1.55,0.31,10422.249000000002
12.51,557.44,418.16,-1.93,-1.55,0.31,10432.247
12.51,557.44,418.16,-1.93,-1.55,0.31,10442.246000000001
12.51,557.44,418.16,-1.93,-1.55,0.31,10452.254
12.51,557.44,418.16,-1.93,-1.55,0.31,10462.247
12.51,557.44,418.16,-1.93,-1.55,0.31,10472.25
12.51,557.44,418.16,-1.93,-1.55,0.31,10482.25
12.51,557.44,418.16,-1.93,-1.55,0.31,10492.256
12.51,557.44,418.16,-1.93,-1.55,0.31,10502.24
12.51,557.44,418.16,-1.93,-1.55,0.31,10513.244
12.51,557.44,418.16,-1.93,-1.55,0.31,10522.269
12.51,557.44,418.16,-1.93,-1.55,0.31,10532.086
12.51,557.44,418.16,-1.93,-1.55,0.31,10542.256
12.51,557.44,418.16,-1.93,-1.55,0.31,10555.092
12.51,557.44,418.16,-1.93,-1.55,0.31,10563.113
12.51,557.44,418.16,-1.93,-1.55,0.31,10572.249
12.51,557.44,418.16,-1.93,-1.55,0.31,10582.252
12.51,557.44,418.16,-1.93,-1.55,0.31,10592.269
12.51,557.44,418.16,-1.93,-1.55,0.31,10602.246
12.51,557.44,418.16,-1.93,-1.55,0.31,10614.081
12.51,557.44,418.16,-1.93,-1.55,0.31,10622.246000000001
12.51,557.44,418.16,-1.93,-1.55,0.31,10632.249
12.51,557.44,418.16,-1.93,-1.55,0.31,10642.253
12.51,557.44,418.16,-1.93,-1.55,0.31,10652.243999999999
12.51,557.44,418.16,-1.93,-1.55,0.31,10662.249
12.51,557.44,418.16,-1.93,-1.55,0.31,10673.075
12.51,557.44,418.16,-1.93,-1.55,0.31,10683.08
12.51,557.44,418.16,-1.93,-1.55,0.31,10693.076
12.51,557.44,418.16,-1.93,-1.55,0.31,10702.246000000001
12.51,557.44,418.16,-1.93,-1.55,0.31,10713.108999999999
12.51,557.44,418.16,-1.93,-1.55,0.31,10722.249
12.51,557.44,418.16,-1.93,-1.55,0.31,10732.246
12.51,557.44,418.16,-1.93,-1.55,0.31,10742.257
12.51,557.44,418.16,-1.93,-1.55,0.31,10753.076000000001
12.51,557.44,418.16,-1.93,-1.55,0.31,10763.077
12.51,557.44,418.16,-1.93,-1.55,0.31,10772.074999999999
12.51,557.44,418.16,-1.93,-1.55,0.31,10782.109
12.51,557.44,418.16,-1.93,-1.55,0.31,10792.108
12.51,557.44,418.16,-1.93,-1.55,0.31,10802.111
12.51,557.44,418.16,-1.93,-1.55,0.31,10813.108
12.51,557.44,418.16,-1.93,-1.55,0.31,10822.108
12.51,557.44,418.16,-1.93,-1.55,0.31,10834.073999999999
12.51,557.44,418.16,-1.93,-1.55,0.31,10842.077
12.51,557.44,418.16,-1.93,-1.55,0.31,10852.111
12.51,557.44,418.16,-1.93,-1.55,0.31,10862.100999999999
12.51,557.44,418.16,-1.93,-1.55,0.31,10872.109
12.51,557.44,418.16,-1.93,-1.55,0.31,10882.111
12.51,557.44,418.16,-1.93,-1.55,0.31,10892.109
12.51,557.44,418.16,-1.93,-1.55,0.31,10902.108999999999
12.51,557.44,418.16,-1.93,-1.55,0.31,10913.141
12.51,557.44,418.16,-1.93,-1.55,0.31,10922.086
12.51,557.44,418.16,-1.93,-1.55,0.31,10932.108
12.51,557.44,418.16,-1.93,-1.55,0.31,10942.108
12.51,557.44,418.16,-1.93,-1.55,0.31,10952.108
12.51,557.44,418.16,-1.93,-1.55,0.31,10963.076
12.51,557.44,418.16,-1.93,-1.55,0.31,10972.905
12.51,557.44,418.16,-1.93,-1.55,0.31,10982.924
12.51,557.44,418.16,-1.93,-1.55,0.31,10992.899
12.51,557.44,418.16,-1.93,-1.55,0.31,11002.943
12.51,557.44,418.16,-1.93,-1.55,0.31,11012.072999999999
12.51,557.44,418.16,-1.93,-1.55,0.31,11022.904
12.51,557.44,418.16,-1.93,-1.55,0.31,11032.899000000001
12.51,557.44,418.16,-1.93,-1.55,0.31,11042.081
12.51,557.44,418.16,-1.93,-1.55,0.31,11052.913999999999
12.51,557.44,418.16,-1.93,-1.55,0.31,11062.077000000001
12.51,557.44,418.16,-1.93,-1.55,0.31,11072.926000000001
12.51,557.44,418.16,-1.93,-1.55,0.31,11082.934
12.51,557.44,418.16,-1.93,-1.55,0.31,11092.9
12.51,557.44,418.16,-1.93,-1.55,0.31,11102.074
12.51,557.44,418.16,-1.93,-1.55,0.31,11113.066
12.51,557.44,418.16,-1.93,-1.55,0.31,11125.08
12.51,557.44,418.16,-1.93,-1.55,0.31,11132.072
12.51,557.44,418.16,-1.93,-1.55,0.31,11142.899
12.51,557.44,418.16,-1.93,-1.55,0.31,11152.900000000001
12.51,557.44,418.16,-1.93,-1.55,0.31,11162.921
12.51,557.44,418.16,-1.93,-1.55,0.31,11172.899
12.51,557.44,418.16,-1.93,-1.55,0.31,11182.071
12.51,557.44,418.16,-1.93,-1.55,0.31,11192.062
12.51,557.44,418.16,-1.93,-1.55,0.31,11202.904999999999
12.51,557.44,418.16,-1.93,-1.55,0.31,11213.063
12.51,557.44,418.16,-1.93,-1.55,0.31,11222.073999999999
12.51,557.44,418.16,-1.93,-1.55,0.31,11232.074
12.51,557.44,418.16,-1.93,-1.55,0.31,11242.082
12.51,557.44,418.16,-1.93,-1.55,0.31,11252.071
12.51,557.44,418.16,-1.93,-1.55,0.31,11262.902
12.51,557.44,418.16,-1.93,-1.55,0.31,11272.07
12.51,557.44,418.16,-1.93,-1.55,0.31,11282.074
12.51,557.44,418.16,-1.93,-1.55,0.31,11292.070000000002
12.51,557.44,418.16,-1.93,-1.55,0.31,11302.073999999999
12.51,557.44,418.16,-1.93,-1.55,0.31,11313.065999999999
12.51,557.44,418.16,-1.93,-1.55,0.31,11322.934
12.51,557.44,418.16,-1.93,-1.55,0.31,11332.899
12.51,557.44,418.16,-1.93,-1.55,0.31,11341.932
12.51,557.44,418.16,-1.93,-1.55,0.31,11352.923999999999
12.51,557.44,418.16,-1.93,-1.55,0.31,11362.938
12.51,557.44,418.16,-1.93,-1.55,0.31,11372.071
12.51,557.44,418.16,-1.93,-1.55,0.31,11382.077000000001
12.51,557.44,418.16,-1.93,-1.55,0.31,11391.898
12.51,557.44,418.16,-1.93,-1.55,0.31,11404.982
12.51,557.44,418.16,-1.93,-1.55,0.31,11413.07
12.51,557.44,418.16,-1.93,-1.55,0.31,11422.909000000001
12.51,557.44,418.16,-1.93,-1.55,0.31,11432.074999999999
12.51,557.44,418.16,-1.93,-1.55,0.31,11442.899000000001
12.51,557.44,418.16,-1.93,-1.55,0.31,11452.073
12.51,557.44,418.16,-1.93,-1.55,0.31,11462.899
12.51,557.44,418.16,-1.93,-1.55,0.31,11472.073999999999
12.51,557.44,418.16,-1.93,-1.55,0.31,11482.917000000001
12.51,557.44,418.16,-1.93,-1.55,0.31,11492.072
12.51,557.44,418.16,-1.93,-1.55,0.31,11502.071
12.51,557.44,418.16,-1.93,-1.55,0.31,11513.078
12.51,557.44,418.16,-1.93,-1.55,0.31,11522.9
12.51,557.44,418.16,-1.93,-1.55,0.31,11532.9
12.51,557.44,418.16,-1.93,-1.55,0.31,11542.075
12.51,557.44,418.16,-1.93,-1.55,0.31,11552.101
12.51,557.44,418.16,-1.93,-1.55,0.31,11562.95
12.51,557.44,418.16,-1.93,-1.55,0.31,11572.900000000001
12.51,557.44,418.16,-1.93,-1.55,0.31,11582.095000000001
12.51,557.44,418.16,-1.93,-1.55,0.31,11592.899
12.51,557.44,418.16,-1.93,-1.55,0.31,11602.074999999999
12.51,557.44,418.16,-1.93,-1.55,0.31,11613.067
12.51,557.44,418.16,-1.93,-1.55,0.31,11622.903
12.51,557.44,418.16,-1.93,-1.55,0.31,11632.899
12.51,557.44,418.16,-1.93,-1.55,0.31,11642.92
12.51,557.44,418.16,-1.93,-1.55,0.31,11652.900000000001
12.51,557.44,418.16,-1.93,-1.55,0.31,11662.069000000001
12.51,557.44,418.16,-1.93,-1.55,0.31,11672.071
12.51,557.44,418.16,-1.93,-1.55,0.31,11682.993
12.51,557.44,418.16,-1.93,-1.55,0.31,11694.91
12.51,557.44,418.16,-1.93,-1.55,0.31,11702.906
12.51,557.44,418.16,-1.93,-1.55,0.31,11713.902
12.51,557.44,418.16,-1.93,-1.55,0.31,11722.899
12.51,557.44,418.16,-1.93,-1.55,0.31,11732.07
12.51,557.44,418.16,-1.93,-1.55,0.31,11742.911
12.51,557.44,418.16,-1.93,-1.55,0.31,11752.899
12.51,557.44,418.16,-1.93,-1.55,0.31,11762.074999999999
12.51,557.44,418.16,-1.93,-1.55,0.31,11772.07
12.51,557.44,418.16,-1.93,-1.55,0.31,11782.916000000001
12.51,557.44,418.16,-1.93,-1.55,0.31,11792.073999999999
12.51,557.44,418.16,-1.93,-1.55,0.31,11802.9
12.51,557.44,418.16,-1.93,-1.55,0.31,11813.903
12.51,557.44,418.16,-1.93,-1.55,0.31,11822.909
12.51,557.44,418.16,-1.93,-1.55,0.31,11832.07
12.51,557.44,418.16,-1.93,-1.55,0.31,11842.067000000001
12.51,557.44,418.16,-1.93,-1.55,0.31,11852.069
12.51,557.44,418.16,-1.93,-1.55,0.31,11862.904999999999
12.51,557.44,418.16,-1.93,-1.55,0.31,11872.903
12.51,557.44,418.16,-1.93,-1.55,0.31,11882.937
12.51,557.44,418.16,-1.93,-1.55,0.31,11892.07
12.51,557.44,418.16,-1.93,-1.55,0.31,11902.072
12.51,557.44,418.16,-1.93,-1.55,0.31,11912.903
12.51,557.44,418.16,-1.93,-1.55,0.31,11922.902
12.51,557.44,418.16,-1.93,-1.55,0.31,11932.927
12.51,557.44,418.16,-1.93,-1.55,0.31,11942.073
12.51,557.44,418.16,-1.93,-1.55,0.31,11952.074
12.51,557.44,418.16,-1.93,-1.55,0.31,11962.913
12.51,557.44,418.16,-1.93,-1.55,0.31,11974.991
12.51,557.44,418.16,-1.93,-1.55,0.31,11982.904
12.51,557.44,418.16,-1.93,-1.55,0.31,11992.900000000001
12.51,557.44,418.16,-1.93,-1.55,0.31,12002.067000000001
12.51,557.44,418.16,-1.93,-1.55,0.31,12012.972
12.51,557.44,418.16,-1.93,-1.55,0.31,12022.074
12.51,557.44,418.16,-1.93,-1.55,0.31,12032.996000000001
12.51,557.44,418.16,-1.93,-1.55,0.31,12042.906
12.51,557.44,418.16,-1.93,-1.55,0.31,12052.9
12.51,557.44,418.16,-1.93,-1.55,0.31,12062.899
12.51,557.44,418.16,-1.93,-1.55,0.31,12072.903999999999
12.51,557.44,418.16,-1.93,-1.55,0.31,12082.899
12.51,557.44,418.16,-1.93,-1.55,0.31,12092.068
12.51,557.44,418.16,-1.93,-1.55,0.31,12110.067000000001
12.51,557.44,418.16,-1.93,-1.55,0.31,12113.066
12.51,557.44,418.16,-1.93,-1.55,0.31,12122.906
12.51,557.44,418.16,-1.93,-1.55,0.31,12132.997
12.51,557.44,418.16,-1.93,-1.55,0.31,12142.168
12.51,557.44,418.16,-1.93,-1.55,0.31,12152.164
12.51,557.44,418.16,-1.93,-1.55,0.31,12163.007
12.51,557.44,418.16,-1.93,-1.55,0.31,12172.995
12.51,557.44,418.16,-1.93,-1.55,0.31,12182.398
12.51,557.44,418.16,-1.93,-1.55,0.31,12192.402
12.51,557.44,418.16,-1.93,-1.55,0.31,12202.403
12.51,557.44,418.16,-1.93,-1.55,0.31,12213.412999999999
12.51,557.44,418.16,-1.93,-1.55,0.31,12222.405999999999
12.51,557.44,418.16,-1.93,-1.55,0.31,12232.393
12.51,557.44,418.16,-1.93,-1.55,0.31,12242.409
12.51,557.44,418.16,-1.93,-1.55,0.31,12252.409
12.51,557.44,418.16,-1.93,-1.55,0.31,12265.232
12.51,557.44,418.16,-1.93,-1.55,0.31,12272.404
12.51,557.44,418.16,-1.93,-1.55,0.31,12282.41
12.51,557.44,418.16,-1.93,-1.55,0.31,12292.249
12.51,557.44,418.16,-1.93,-1.55,0.31,12302.41
12.51,557.44,418.16,-1.93,-1.55,0.31,12313.402999999998
12.51,557.44,418.16,-1.93,-1.55,0.31,12322.419
12.51,557.44,418.16,-1.93,-1.55,0.31,12332.416000000001
12.51,557.44,418.16,-1.93,-1.55,0.31,12342.417
12.51,557.44,418.16,-1.93,-1.55,0.31,12352.4
12.51,557.44,418.16,-1.93,-1.55,0.31,12362.4
12.51,557.44,418.16,-1.93,-1.55,0.31,12372.405999999999
12.51,557.44,418.16,-1.93,-1.55,0.31,12382.405
12.51,557.44,418.16,-1.93,-1.55,0.31,12392.411
12.51,557.44,418.16,-1.93,-1.55,0.31,12402.401
12.51,557.44,418.16,-1.93,-1.55,0.31,12413.269
12.51,557.44,418.16,-1.93,-1.55,0.31,12422.407
12.51,557.44,418.16,-1.93,-1.55,0.31,12432.401
12.51,557.44,418.16,-1.93,-1.55,0.31,12442.401
12.51,557.44,418.16,-1.93,-1.55,0.31,12452.409
12.51,557.44,418.16,-1.93,-1.55,0.31,12462.398000000001
12.51,557.44,418.16,-1.93,-1.55,0.31,12472.391
12.51,557.44,418.16,-1.93,-1.55,0.31,12482.395
12.51,557.44,418.16,-1.93,-1.55,0.31,12492.402
12.51,557.44,418.16,-1.93,-1.55,0.31,12502.406
12.51,557.44,418.16,-1.93,-1.55,0.31,12513.401
12.51,557.44,418.16,-1.93,-1.55,0.31,12522.349
12.51,557.44,418.16,-1.93,-1.55,0.31,12532.407
12.51,557.44,418.16,-1.93,-1.55,0.31,12544.4
12.51,557.44,418.16,-1.93,-1.55,0.31,12552.405999999999
12.51,557.44,418.16,-1.93,-1.55,0.31,12562.404
12.51,557.44,418.16,-1.93,-1.55,0.31,12572.294
12.51,557.44,418.16,-1.93,-1.55,0.31,12582.395
12.51,557.44,418.16,-1.93,-1.55,0.31,12592.398
12.51,557.44,418.16,-1.93,-1.55,0.31,12602.411
12.51,557.44,418.16,-1.93,-1.55,0.31,12613.402
12.51,557.44,418.16,-1.93,-1.55,0.31,12622.241
12.51,557.44,418.16,-1.93,-1.55,0.31,12632.4
12.51,557.44,418.16,-1.93,-1.55,0.31,12642.404
12.51,557.44,418.16,-1.93,-1.55,0.31,12652.404
12.51,557.44,418.16,-1.93,-1.55,0.31,12662.398
12.51,557.44,418.16,-1.93,-1.55,0.31,12672.238
12.51,557.44,418.16,-1.93,-1.55,0.31,12682.235
12.51,557.44,418.16,-1.93,-1.55,0.31,12692.423
12.51,557.44,418.16,-1.93,-1.55,0.31,12702.403
12.51,557.44,418.16,-1.93,-1.55,0.31,12713.412999999999
12.51,557.44,418.16,-1.93,-1.55,0.31,12722.24
12.51,557.44,418.16,-1.93,-1.55,0.31,12732.397
12.51,557.44,418.16,-1.93,-1.55,0.31,12742.416000000001
12.51,557.44,418.16,-1.93,-1.55,0.31,12752.414999999999
12.51,557.44,418.16,-1.93,-1.55,0.31,12762.413
12.51,557.44,418.16,-1.93,-1.55,0.31,12772.238
12.51,557.44,418.16,-1.93,-1.55,0.31,12782.411
12.51,557.44,418.16,-1.93,-1.55,0.31,12792.405
12.51,557.44,418.16,-1.93,-1.55,0.31,12802.416
12.51,557.44,418.16,-1.93,-1.55,0.31,12813.232
12.51,557.44,418.16,-1.93,-1.55,0.31,12822.239
12.51,557.44,418.16,-1.93,-1.55,0.31,12834.392
12.51,557.44,418.16,-1.93,-1.55,0.31,12842.404
12.51,557.44,418.16,-1.93,-1.55,0.31,12852.411999999998
12.51,557.44,418.16,-1.93,-1.55,0.31,12862.412
12.51,557.44,418.16,-1.93,-1.55,0.31,12872.24
12.51,557.44,418.16,-1.93,-1.55,0.31,12882.416
12.51,557.44,418.16,-1.93,-1.55,0.31,12892.41
12.51,557.44,418.16,-1.93,-1.55,0.31,12902.427
12.51,557.44,418.16,-1.93,-1.55,0.31,12913.401
12.51,557.44,418.16,-1.93,-1.55,0.31,12922.241
12.51,557.44,418.16,-1.93,-1.55,0.31,12932.415
12.51,557.44,418.16,-1.93,-1.55,0.31,12942.41
12.51,557.44,418.16,-1.93,-1.55,0.31,12952.416
12.51,557.44,418.16,-1.93,-1.55,0.31,12962.411
12.51,557.44,418.16,-1.93,-1.55,0.31,12972.246000000001
12.51,557.44,418.16,-1.93,-1.55,0.31,12982.403
12.51,557.44,418.16,-1.93,-1.55,0.31,12992.411
12.51,557.44,418.16,-1.93,-1.55,0.31,13002.41
12.51,557.44,418.16,-1.93,-1.55,0.31,13013.405
12.51,557.44,418.16,-1.93,-1.55,0.31,13022.232
12.51,557.44,418.16,-1.93,-1.55,0.31,13032.412
12.51,557.44,418.16,-1.93,-1.55,0.31,13042.408
12.51,557.44,418.16,-1.93,-1.55,0.31,13052.411
12.51,557.44,418.16,-1.93,-1.55,0.31,13062.414
12.51,557.44,418.16,-1.93,-1.55,0.31,13072.234
12.51,557.44,418.16,-1.93,-1.55,0.31,13082.412
12.51,557.44,418.16,-1.93,-1.55,0.31,13092.406
12.51,557.44,418.16,-1.93,-1.55,0.31,13102.411
12.51,557.44,418.16,-1.93,-1.55,0.31,13115.403
12.51,557.44,418.16,-1.93,-1.55,0.31,13122.233
12.51,557.44,418.16,-1.93,-1.55,0.31,13132.403999999999
12.51,557.44,418.16,-1.93,-1.55,0.31,13142.407000000001
12.51,557.44,418.16,-1.93,-1.55,0.31,13152.402
12.51,557.44,418.16,-1.93,-1.55,0.31,13162.401
12.51,557.44,418.16,-1.93,-1.55,0.31,13172.235
12.51,557.44,418.16,-1.93,-1.55,0.31,13182.399
12.51,557.44,418.16,-1.93,-1.55,0.31,13192.402
12.51,557.44,418.16,-1.93,-1.55,0.31,13202.393
12.51,557.44,418.16,-1.93,-1.55,0.31,13213.404
12.51,557.44,418.16,-1.93,-1.55,0.31,13222.392
12.51,557.44,418.16,-1.93,-1.55,0.31,13232.243
12.51,557.44,418.16,-1.93,-1.55,0.31,13242.403
12.51,557.44,418.16,-1.93,-1.55,0.31,13252.406
12.51,557.44,418.16,-1.93,-1.55,0.31,13262.232
12.51,557.44,418.16,-1.93,-1.55,0.31,13272.394999999999
12.51,557.44,418.16,-1.93,-1.55,0.31,13282.417000000001
12.51,557.44,418.16,-1.93,-1.55,0.31,13292.265000000001
12.51,557.44,418.16,-1.93,-1.55,0.31,13302.402
12.51,557.44,418.16,-1.93,-1.55,0.31,13313.402999999998
12.51,557.44,418.16,-1.93,-1.55,0.31,13322.271
12.51,557.44,418.16,-1.93,-1.55,0.31,13332.4
12.51,557.44,418.16,-1.93,-1.55,0.31,13342.41
12.51,557.44,418.16,-1.93,-1.55,0.31,13352.264
12.51,557.44,418.16,-1.93,-1.55,0.31,13362.41
12.51,557.44,418.16,-1.93,-1.55,0.31,13372.394999999999
12.51,557.44,418.16,-1.93,-1.55,0.31,13382.266
12.51,557.44,418.16,-1.93,-1.55,0.31,13392.414
12.51,557.44,418.16,-1.93,-1.55,0.31,13404.403999999999
12.51,557.44,418.16,-1.93,-1.55,0.31,13413.4
12.51,557.44,418.16,-1.93,-1.55,0.31,13422.247000000001
12.51,557.44,418.16,-1.93,-1.55,0.31,13432.235
12.51,557.44,418.16,-1.93,-1.55,0.31,13442.235
12.51,557.44,418.16,-1.93,-1.55,0.31,13452.409
12.51,557.44,418.16,-1.93,-1.55,0.31,13462.419
12.51,557.44,418.16,-1.93,-1.55,0.31,13472.399
12.51,557.44,418.16,-1.93,-1.55,0.31,13482.422
12.51,557.44,418.16,-1.93,-1.55,0.31,13492.414999999999
12.51,557.44,418.16,-1.93,-1.55,0.31,13502.414999999999
12.51,557.44,418.16,-1.93,-1.55,0.31,13513.405
12.51,557.44,418.16,-1.93,-1.55,0.31,13522.4
12.51,557.44,418.16,-1.93,-1.55,0.31,13532.411
12.51,557.44,418.16,-1.93,-1.55,0.31,13542.418
12.51,557.44,418.16,-1.93,-1.55,0.31,13555.249
12.51,557.44,418.16,-1.93,-1.55,0.31,13562.264000000001
12.51,557.44,418.16,-1.93,-1.55,0.31,13572.23
12.51,557.44,418.16,-1.93,-1.55,0.31,13582.228000000001
12.51,557.44,418.16,-1.93,-1.55,0.31,13592.230000000001
12.51,557.44,418.16,-1.93,-1.55,0.31,13602.231
12.51,557.44,418.16,-1.93,-1.55,0.31,13613.302
12.51,557.44,418.16,-1.93,-1.55,0.31,13622.231
12.51,557.44,418.16,-1.93,-1.55,0.31,13632.236
12.51,557.44,418.16,-1.93,-1.55,0.31,13642.23
12.51,557.44,418.16,-1.93,-1.55,0.31,13652.234999999999
12.51,557.44,418.16,-1.93,-1.55,0.31,13662.416000000001
12.51,557.44,418.16,-1.93,-1.55,0.31,13672.407
12.51,557.44,418.16,-1.93,-1.55,0.31,13682.408000000001
12.51,557.44,418.16,-1.93,-1.55,0.31,13695.238
12.51,557.44,418.16,-1.93,-1.55,0.31,13703.233
12.51,557.44,418.16,-1.93,-1.55,0.31,13713.419
12.51,557.44,418.16,-1.93,-1.55,0.31,13722.412999999999
12.51,557.44,418.16,-1.93,-1.55,0.31,13732.405
12.51,557.44,418.16,-1.93,-1.55,0.31,13742.407
12.51,557.44,418.16,-1.93,-1.55,0.31,13752.417
12.51,557.44,418.16,-1.93,-1.55,0.31,13762.402
12.51,557.44,418.16,-1.93,-1.55,0.31,13772.411999999998
12.51,557.44,418.16,-1.93,-1.55,0.31,13782.41
12.51,557.44,418.16,-1.93,-1.55,0.31,13792.396
12.51,557.44,418.16,-1.93,-1.55,0.31,13802.418
12.51,557.44,418.16,-1.93,-1.55,0.31,13813.402999999998
12.51,557.44,418.16,-1.93,-1.55,0.31,13822.423
12.51,557.44,418.16,-1.93,-1.55,0.31,13832.423999999999
12.51,557.44,418.16,-1.93,-1.55,0.31,13842.41
12.51,557.44,418.16,-1.93,-1.55,0.31,13852.411999999998
12.51,557.44,418.16,-1.93,-1.55,0.31,13862.417000000001
12.51,557.44,418.16,-1.93,-1.55,0.31,13872.403
12.51,557.44,418.16,-1.93,-1.55,0.31,13882.417
12.51,557.44,418.16,-1.93,-1.55,0.31,13892.401
12.51,557.44,418.16,-1.93,-1.55,0.31,13902.397
12.51,557.44,418.16,-1.93,-1.55,0.31,13913.416
12.51,557.44,418.16,-1.93,-1.55,0.31,13922.413
12.51,557.44,418.16,-1.93,-1.55,0.31,13932.264
12.51,557.44,418.16,-1.93,-1.55,0.31,13942.411
12.51,557.44,418.16,-1.93,-1.55,0.31,13952.402
12.51,557.44,418.16,-1.93,-1.55,0.31,13962.239
12.51,557.44,418.16,-1.93,-1.55,0.31,13974.393
12.51,557.44,418.16,-1.93,-1.55,0.31,13985.231
12.51,557.44,418.16,-1.93,-1.55,0.31,13992.266000000001
12.51,557.44,418.16,-1.93,-1.55,0.31,14002.264000000001
12.51,557.44,418.16,-1.93,-1.55,0.31,14012.264
12.51,557.44,418.16,-1.93,-1.55,0.31,14022.264
12.51,557.44,418.16,-1.93,-1.55,0.31,14041.230000000001
12.51,557.44,418.16,-1.93,-1.55,0.31,14042.268
12.51,557.44,418.16,-1.93,-1.55,0.31,14052.251
12.51,557.44,418.16,-1.93,-1.55,0.31,14062.262999999999
12.51,557.44,418.16,-1.93,-1.55,0.31,14072.238000000001
12.51,557.44,418.16,-1.93,-1.55,0.31,14082.269
12.51,557.44,418.16,-1.93,-1.55,0.31,14092.268
12.51,557.44,418.16,-1.93,-1.55,0.31,14102.263
12.51,557.44,418.16,-1.93,-1.55,0.31,14119.263
12.51,557.44,418.16,-1.93,-1.55,0.31,14122.229000000001
12.51,557.44,418.16,-1.93,-1.55,0.31,14132.237
12.51,557.44,418.16,-1.93,-1.55,0.31,14142.267
12.51,557.44,418.16,-1.93,-1.55,0.31,14152.264000000001
12.51,557.44,418.16,-1.93,-1.55,0.31,14162.262999999999
12.51,557.44,418.16,-1.93,-1.55,0.31,14172.232
12.51,557.44,418.16,-1.93,-1.55,0.31,14182.313
12.51,557.44,418.16,-1.93,-1.55,0.31,14192.342999999999
12.51,557.44,418.16,-1.93,-1.55,0.31,14202.345
12.51,557.44,418.16,-1.93,-1.55,0.31,14213.338
12.51,557.44,418.16,-1.93,-1.55,0.31,14222.367
12.51,557.44,418.16,-1.93,-1.55,0.31,14232.359
12.51,557.44,418.16,-1.93,-1.55,0.31,14242.336
12.51,557.44,418.16,-1.93,-1.55,0.31,14252.316
12.51,557.44,418.16,-1.93,-1.55,0.31,14265.29
12.51,557.44,418.16,-1.93,-1.55,0.31,14272.434000000001
12.51,557.44,418.16,-1.93,-1.55,0.31,14282.412
12.51,557.44,418.16,-1.93,-1.55,0.31,14292.419
12.51,557.44,418.16,-1.93,-1.55,0.31,14302.401
12.51,557.44,418.16,-1.93,-1.55,0.31,14313.438
12.51,557.44,418.16,-1.93,-1.55,0.31,14322.404
12.51,557.44,418.16,-1.93,-1.55,0.31,14332.423
12.51,557.44,418.16,-1.93,-1.55,0.31,14342.428
12.51,557.44,418.16,-1.93,-1.55,0.31,14352.42
12.51,557.44,418.16,-1.93,-1.55,0.31,14362.405
12.51,557.44,418.16,-1.93,-1.55,0.31,14372.429
12.51,557.44,418.16,-1.93,-1.55,0.31,14382.403
12.51,557.44,418.16,-1.93,-1.55,0.31,14392.407000000001
12.51,557.44,418.16,-1.93,-1.55,0.31,14402.398
12.51,557.44,418.16,-1.93,-1.55,0.31,14413.322
12.51,557.44,418.16,-1.93,-1.55,0.31,14422.436
12.51,557.44,418.16,-1.93,-1.55,0.31,14432.429
12.51,557.44,418.16,-1.93,-1.55,0.31,14442.419
12.51,557.44,418.16,-1.93,-1.55,0.31,14452.409
12.51,557.44,418.16,-1.93,-1.55,0.31,14462.296
12.51,557.44,418.16,-1.93,-1.55,0.31,14472.431999999999
12.51,557.44,418.16,-1.93,-1.55,0.31,14482.452000000001
12.51,557.44,418.16,-1.93,-1.55,0.31,14492.444000000001
12.51,557.44,418.16,-1.93,-1.55,0.31,14502.46
12.51,557.44,418.16,-1.93,-1.55,0.31,14513.407000000001
12.51,557.44,418.16,-1.93,-1.55,0.31,14522.427
12.51,557.44,418.16,-1.93,-1.55,0.31,14532.432
12.51,557.44,418.16,-1.93,-1.55,0.31,14544.421
12.51,557.44,418.16,-1.93,-1.55,0.31,14552.443000000001
12.51,557.44,418.16,-1.93,-1.55,0.31,14562.409000000001
12.51,557.44,418.16,-1.93,-1.55,0.31,14572.298
12.51,557.44,418.16,-1.93,-1.55,0.31,14582.316
12.51,557.44,418.16,-1.93,-1.55,0.31,14592.469
12.51,557.44,418.16,-1.93,-1.55,0.31,14602.313
12.51,557.44,418.16,-1.93,-1.55,0.31,14613.499
12.51,557.44,418.16,-1.93,-1.55,0.31,14622.461
12.51,557.44,418.16,-1.93,-1.55,0.31,14632.445
12.51,557.44,418.16,-1.93,-1.55,0.31,14642.447
12.51,557.44,418.16,-1.93,-1.55,0.31,14652.451
12.51,557.44,418.16,-1.93,-1.55,0.31,14662.483999999999
12.51,557.44,418.16,-1.93,-1.55,0.31,14672.46
12.51,557.44,418.16,-1.93,-1.55,0.31,14682.423
12.51,557.44,418.16,-1.93,-1.55,0.31,14692.486
12.51,557.44,418.16,-1.93,-1.55,0.31,14702.432999999999
12.51,557.44,418.16,-1.93,-1.55,0.31,14713.508
12.51,557.44,418.16,-1.93,-1.55,0.31,14722.448
12.51,557.44,418.16,-1.93,-1.55,0.31,14732.495
12.51,557.44,418.16,-1.93,-1.55,0.31,14742.507
12.51,557.44,418.16,-1.93,-1.55,0.31,14752.5
12.51,557.44,418.16,-1.93,-1.55,0.31,14762.503
12.51,557.44,418.16,-1.93,-1.55,0.31,14772.499
12.51,557.44,418.16,-1.93,-1.55,0.31,14782.429
12.51,557.44,418.16,-1.93,-1.55,0.31,14792.508
12.51,557.44,418.16,-1.93,-1.55,0.31,14802.505
12.51,557.44,418.16,-1.93,-1.55,0.31,14813.488
12.51,557.44,418.16,-1.93,-1.55,0.31,14822.502999999999
12.51,557.44,418.16,-1.93,-1.55,0.31,14834.493
12.51,557.44,418.16,-1.93,-1.55,0.31,14842.511
12.51,557.44,418.16,-1.93,-1.55,0.31,14852.349
12.51,557.44,418.16,-1.93,-1.55,0.31,14862.5
12.51,557.44,418.16,-1.93,-1.55,0.31,14872.502
12.51,557.44,418.16,-1.93,-1.55,0.31,14882.502
12.51,557.44,418.16,-1.93,-1.55,0.31,14892.502
12.51,557.44,418.16,-1.93,-1.55,0.31,14902.505
12.51,557.44,418.16,-1.93,-1.55,0.31,14913.423999999999
12.51,557.44,418.16,-1.93,-1.55,0.31,14922.488
12.51,557.44,418.16,-1.93,-1.55,0.31,14932.494999999999
12.51,557.44,418.16,-1.93,-1.55,0.31,14942.505000000001
12.51,557.44,418.16,-1.93,-1.55,0.31,14952.501
12.51,557.44,418.16,-1.93,-1.55,0.31,14962.490000000002
12.51,557.44,418.16,-1.93,-1.55,0.31,14972.5
12.51,557.44,418.16,-1.93,-1.55,0.31,14982.481
12.51,557.44,418.16,-1.93,-1.55,0.31,14992.5
12.51,557.44,418.16,-1.93,-1.55,0.31,15002.507
12.51,557.44,418.16,-1.93,-1.55,0.31,15012.501
12.51,557.44,418.16,-1.93,-1.55,0.31,15022.501
12.51,557.44,418.16,-1.93,-1.55,0.31,15032.501999999999
12.51,557.44,418.16,-1.93,-1.55,0.31,15042.313999999998
12.51,557.44,418.16,-1.93,-1.55,0.31,15052.326000000001
12.51,557.44,418.16,-1.93,-1.55,0.31,15062.348
12.51,557.44,418.16,-1.93,-1.55,0.31,15072.456
12.51,557.44,418.16,-1.93,-1.55,0.31,15082.392
12.51,557.44,418.16,-1.93,-1.55,0.31,15092.327
12.51,557.44,418.16,-1.93,-1.55,0.31,15102.496000000001
12.51,557.44,418.16,-1.93,-1.55,0.31,15115.484
12.51,557.44,418.16,-1.93,-1.55,0.31,15123.318
12.51,557.44,418.16,-1.93,-1.55,0.31,15132.315
12.51,557.44,418.16,-1.93,-1.55,0.31,15142.322999999999
12.51,557.44,418.16,-1.93,-1.55,0.31,15152.333999999999
12.51,557.44,418.16,-1.93,-1.55,0.31,15162.335000000001
12.51,557.44,418.16,-1.93,-1.55,0.31,15172.327
12.51,557.44,418.16,-1.93,-1.55,0.31,15182.314999999999
12.51,557.44,418.16,-1.93,-1.55,0.31,15192.416
12.51,557.44,418.16,-1.93,-1.55,0.31,15202.438
12.51,557.44,418.16,-1.93,-1.55,0.31,15213.52
12.51,557.44,418.16,-1.93,-1.55,0.31,15222.318
12.51,557.44,418.16,-1.93,-1.55,0.31,15232.455
12.51,557.44,418.16,-1.93,-1.55,0.31,15242.485
12.51,557.44,418.16,-1.93,-1.55,0.31,15252.423999999999
12.51,557.44,418.16,-1.93,-1.55,0.31,15262.491
12.51,557.44,418.16,-1.93,-1.55,0.31,15272.486
12.51,557.44,418.16,-1.93,-1.55,0.31,15282.417000000001
12.51,557.44,418.16,-1.93,-1.55,0.31,15292.427
12.51,557.44,418.16,-1.93,-1.55,0.31,15302.506
12.51,557.44,418.16,-1.93,-1.55,0.31,15313.428
12.51,557.44,418.16,-1.93,-1.55,0.31,15322.507
12.51,557.44,418.16,-1.93,-1.55,0.31,15332.499
12.51,557.44,418.16,-1.93,-1.55,0.31,15342.504
12.51,557.44,418.16,-1.93,-1.55,0.31,15352.505000000001
12.51,557.44,418.16,-1.93,-1.55,0.31,15362.520999999999
12.51,557.44,418.16,-1.93,-1.55,0.31,15372.498
12.51,557.44,418.16,-1.93,-1.55,0.31,15382.51
12.51,557.44,418.16,-1.93,-1.55,0.31,15392.511
12.51,557.44,418.16,-1.93,-1.55,0.31,15404.48
12.51,557.44,418.16,-1.93,-1.55,0.31,15413.430999999999
12.51,557.44,418.16,-1.93,-1.55,0.31,15422.507
12.51,557.44,418.16,-1.93,-1.55,0.31,15432.497
12.51,557.44,418.16,-1.93,-1.55,0.31,15442.503999999999
12.51,557.44,418.16,-1.93,-1.55,0.31,15452.497
12.51,557.44,418.16,-1.93,-1.55,0.31,15462.461
12.51,557.44,418.16,-1.93,-1.55,0.31,15472.416000000001
12.51,557.44,418.16,-1.93,-1.55,0.31,15482.409
12.51,557.44,418.16,-1.93,-1.55,0.31,15492.443
12.51,557.44,418.16,-1.93,-1.55,0.31,15502.432999999999
12.51,557.44,418.16,-1.93,-1.55,0.31,15513.505000000001
12.51,557.44,418.16,-1.93,-1.55,0.31,15522.481000000002
12.51,557.44,418.16,-1.93,-1.55,0.31,15532.447
12.51,557.44,418.16,-1.93,-1.55,0.31,15542.39
12.51,557.44,418.16,-1.93,-1.55,0.31,15552.445
12.51,557.44,418.16,-1.93,-1.55,0.31,15562.428
12.51,557.44,418.16,-1.93,-1.55,0.31,15572.421
12.51,557.44,418.16,-1.93,-1.55,0.31,15582.418
12.51,557.44,418.16,-1.93,-1.55,0.31,15592.417
12.51,557.44,418.16,-1.93,-1.55,0.31,15602.463
12.51,557.44,418.16,-1.93,-1.55,0.31,15613.832999999999
12.51,557.44,418.16,-1.93,-1.55,0.31,15622.386
12.51,557.44,418.16,-1.93,-1.55,0.31,15632.419
12.51,557.44,418.15,-1.93,-1.55,0.31,15642.397
12.52,557.44,418.15,-1.93,-1.55,0.31,15652.405999999999
12.55,557.44,418.15,-1.93,-1.55,0.31,15662.39
12.55,557.44,418.15,-1.93,-1.55,0.31,15672.404999999999
12.55,557.44,418.15,-1.93,-1.55,0.31,15684.457
12.55,557.44,418.15,-1.93,-1.55,0.31,15692.453000000001
12.55,557.44,418.15,-1.93,-1.55,0.31,15702.426000000001
12.55,557.44,418.15,-1.93,-1.55,0.31,15713.608
12.55,557.44,418.15,-1.93,-1.55,0.31,15722.424
12.52,557.44,418.15,-1.93,-1.55,0.31,15732.428
12.51,557.44,418.15,-1.93,-1.55,0.31,15742.427
12.51,557.44,418.15,-1.93,-1.55,0.31,15752.427000000001
12.51,557.44,418.15,-1.93,-1.55,0.31,15762.428999999998
12.51,557.44,418.15,-1.93,-1.55,0.31,15772.43
12.51,557.44,418.15,-1.93,-1.55,0.31,15782.442
12.51,557.44,418.15,-1.93,-1.55,0.31,15792.443000000001
12.52,557.44,418.15,-1.93,-1.55,0.31,15802.427
12.55,557.44,418.15,-1.93,-1.55,0.31,15813.617
12.55,557.44,418.15,-1.93,-1.55,0.31,15822.421999999999
12.55,557.44,418.15,-1.93,-1.55,0.31,15832.421
12.55,557.44,418.15,-1.93,-1.55,0.31,15842.421
12.55,557.44,418.15,-1.93,-1.55,0.31,15852.432999999999
12.55,557.44,418.15,-1.93,-1.55,0.31,15868.418
12.52,557.44,418.15,-1.93,-1.55,0.31,15876.418
12.51,557.44,418.15,-1.93,-1.55,0.31,15888.418
12.51,557.44,418.15,-1.93,-1.55,0.31,15894.419
12.51,557.44,418.15,-1.93,-1.55,0.31,15908.419
12.51,557.44,418.15,-1.93,-1.55,0.31,15918.418000000001
12.51,557.44,418.15,-1.93,-1.55,0.31,15923.419000000002
